day,current,current_theoretical,temperature,speed_rpm,friction_torque,domain_unit,time_index,delta_I,current_s,current_theoretical_s,temperature_s,friction_torque_s,delta_I_s,fused_rms_vector,fused_rms_mean,fused_std_mean,fused_envelope_rms_mean,fused_rms_max,fused_std_max,fused_envelope_rms_max,fused_total_energy_sum,fused_total_energy_mean,fused_variance_mean,HI_flywheel,life_ratio,RUL_ratio
0,0.1137,0.109702,35.0,3000,0.004498,attachment1,0,0.003998,0.1222,0.1185143999999999,35.08,0.0048592,0.0036856,0.0,0.0,0.5103643217461075,0.0,0.0,0.7290918882087251,0.0,0.0,0.0,0.1822729720521812,0.0313462424329901,0.0,1.0
20,0.113,0.114077,35.0,3000,0.004677,attachment1,1,-0.0010769999999999,0.1235,0.1207435,35.083333333333336,0.0049505,0.0027564999999999,0.0008887921772093,0.0008925016133682,0.3862201108196497,0.001092238941426,0.0008925016133682,0.5452956885845835,0.0015259035923079,0.0008677720389754,0.0006805276551152,0.1394904486393949,0.0322963418711717,0.0057142857142857,0.9942857142857144
40,0.1237,0.118483,35.1,3000,0.004858,attachment1,2,0.0052169999999999,0.1271571428571428,0.122983,35.114285714285714,0.0050422857142857,0.0041741428571428,0.0033759987117001,0.0034032753828439,0.590634537478347,0.0030216534635209,0.0034032753828439,0.8257362973104089,0.003059924963076,0.0032214309085519,0.0032448312363701,0.2164696450367957,0.0331553107303378,0.0114285714285714,0.9885714285714284
60,0.1351,0.122921,35.2,3000,0.00504,attachment1,3,0.0121789999999999,0.12965,0.125233125,35.1375,0.0051345,0.0044168749999999,0.0050930740870534,0.0051147207843029,0.6283480553599194,0.0047226486125472,0.0051147207843029,0.8737539976481152,0.0049483648881243,0.0049704094693065,0.0050564962206404,0.2323069381046563,0.0332327007039634,0.0171428571428571,0.9828571428571428
80,0.1255,0.127389,35.1,3000,0.005223,attachment1,4,-0.001889,0.131,0.1274937777777777,35.144444444444446,0.0052272222222222,0.0035062222222222,0.0060262430269123,0.0060415493828008,0.5042027826519013,0.0059391062686962,0.0060415493828008,0.6936070600389083,0.0061507823761013,0.0059395070102109,0.0058681048230508,0.1889039551832947,0.0332327007039634,0.0228571428571428,0.9771428571428572
100,0.13,0.131889,35.1,3000,0.005407,attachment1,5,-0.001889,0.1355333333333333,0.1319942222222222,35.17777777777778,0.0054116666666666,0.0035391111111111,0.0091285273516682,0.0091538627012133,0.5144197099265675,0.0089468341208323,0.0091538627012133,0.7001131980085974,0.0092334158959154,0.0089849603709128,0.008895124544276,0.1958833163358528,0.0332327007039634,0.0285714285714285,0.9714285714285714
120,0.1491,0.13642,35.3,3000,0.005593,attachment1,6,0.0126799999999999,0.1397777777777777,0.1365264444444444,35.21111111111111,0.0055975555555555,0.0032513333333333,0.0120465897419414,0.0120678423277662,0.4811713843393678,0.0119702536917892,0.0120678423277662,0.6431844907738109,0.0123401905216075,0.0119261584222674,0.0117932273657923,0.1876300587081367,0.0342593836055476,0.0342857142857142,0.9657142857142856
140,0.1471,0.140984,35.3,3000,0.00578,attachment1,7,0.006116,0.1433444444444444,0.1410904444444444,35.23333333333333,0.0057846666666666,0.002254,0.0144954950657368,0.0145165006003408,0.3491482871866518,0.0146722788495599,0.0145165006003408,0.4458902528821537,0.0154673922368888,0.014376463702981,0.0140541992858037,0.1434135718358828,0.036419977405576,0.04,0.96
160,0.1418,0.145579,35.2,3000,0.005969,attachment1,8,-0.0037789999999999,0.1467999999999999,0.1456864444444444,35.25555555555555,0.0059731111111111,0.0011135555555555,0.0168739357710569,0.0168888766837386,0.1969174821164211,0.0173887886708577,0.0168888766837386,0.2202855227440031,0.0186168780499037,0.0167892705991943,0.0162655877828504,0.0918592196720262,0.0396269767932082,0.0457142857142857,0.9542857142857144
180,0.1545,0.150206,35.3,3000,0.006158,attachment1,9,0.0042939999999999,0.1499333333333333,0.1503147777777777,35.27777777777777,0.0061628888888888,-0.0003814444444444,0.0190467588892277,0.0190400344185237,0.1007321929604693,0.0201197831556821,0.0190848642232172,0.1597052810961597,0.0217886479606522,0.0190848642232172,0.0183331843532986,0.0601668138439311,0.0434546490825793,0.0514285714285714,0.9485714285714286
200,0.1512,0.154867,35.3,3000,0.00635,attachment1,10,-0.003667,0.1532666666666666,0.1549756666666666,35.31111111111111,0.006354,-0.001709,0.0213841479014444,0.021328500093827,0.2896259897911883,0.0231999343254527,0.0216994854779427,0.3380773922695678,0.0249827019691343,0.0216994854779427,0.020824703106503,0.1307728856072434,0.0476766006671117,0.0571428571428571,0.9428571428571428
220,0.1558,0.159559,35.3,3000,0.006542,attachment1,11,-0.003759,0.1560555555555555,0.1596693333333333,35.333333333333336,0.0065464444444444,-0.0036137777777777,0.0233377953271165,0.0232431830421642,0.5579892549803133,0.025959898137331,0.0238739316085128,0.7148838896154542,0.0281990400753499,0.0238739316085128,0.0227385910657602,0.229092147661416,0.0520831178965154,0.0628571428571428,0.9371428571428572
240,0.1662,0.164285,35.4,3000,0.006736,attachment1,12,0.001915,0.1592,0.1643958888888889,35.355555555555554,0.0067402222222222,-0.0051958888888888,0.025519737328224,0.025401968995867,0.7621051437418995,0.0287343466127359,0.0261870912115806,1.0,0.0314376622792992,0.0261870912115806,0.024811145978505,0.3044460759388529,0.0573667160422455,0.0685714285714285,0.9314285714285714
260,0.1537,0.169044,35.3,3000,0.006931,attachment1,13,-0.0153439999999999,0.1646555555555555,0.1691556666666666,35.4,0.0069353333333333,-0.0045001111111111,0.0292536326266976,0.0291474244844468,0.6911534160051199,0.0321926237945058,0.0298554787661189,0.8902199118594154,0.034698568580982,0.0298554787661189,0.0285843801317579,0.2830342625841888,0.0637531807615759,0.0742857142857142,0.9257142857142856
280,0.16,0.173837,35.4,3000,0.007127,attachment1,14,-0.0138369999999999,0.1681666666666666,0.1739488888888888,35.43333333333333,0.0071318888888888,-0.0057822222222222,0.0317075644671384,0.031557941662433,0.7736872963019434,0.0353319206736773,0.0325554270271356,1.0,0.0379836159885429,0.0325554270271356,0.0311552323617059,0.3158489032144912,0.0697372205914481,0.08,0.92
300,0.1742,0.178663,35.5,3000,0.007325,attachment1,15,-0.0044629999999999,0.1721444444444444,0.1787756666666666,35.46666666666667,0.0073297777777777,-0.0066312222222222,0.034460924024422,0.0342888440349616,0.7761640746019869,0.038485702216376,0.0354360439646975,1.0,0.0412909474938375,0.0354360439646975,0.0339343349681067,0.3190778282774005,0.0744654541717432,0.0857142857142857,0.9142857142857144
320,0.1754,0.183523,35.5,3000,0.007524,attachment1,16,-0.0081229999999999,0.1787222222222222,0.1836364444444444,35.52222222222222,0.0075291111111111,-0.0049142222222222,0.038951238756975,0.0388047496342268,0.7598311479374181,0.042324519520733,0.0397813437858814,0.9721401017683082,0.0446224201050101,0.0397813437858814,0.0385430337147239,0.3168550876671323,0.077724284116106,0.0914285714285714,0.9085714285714286
340,0.1909,0.188417,35.6,3000,0.007725,attachment1,17,0.0024829999999999,0.1832,0.1885313333333333,35.55555555555556,0.0077297777777777,-0.0053313333333332,0.0420260902067001,0.041878921858051,0.7828434634140392,0.0455084774457792,0.0428600441823782,1.0,0.0479761768139162,0.0428600441823782,0.0415452617244668,0.3277380595642267,0.0791455775309464,0.0971428571428571,0.9028571428571428
360,0.1861,0.193345,35.6,3000,0.007927,attachment1,18,-0.007245,0.1898888888888888,0.1934606666666666,35.611111111111114,0.0079318888888888,-0.0035717777777777,0.0465889308367689,0.046471109646493,0.5819139456720923,0.0493774711324841,0.0472565842483318,0.7065753755865913,0.0513540746287004,0.0472565842483318,0.0462035438940492,0.259989948908412,0.0819843590358323,0.1028571428571428,0.8971428571428571
380,0.187,0.198308,35.6,3000,0.008131,attachment1,19,-0.011308,0.1951222222222222,0.1984245555555555,35.64444444444444,0.0081354444444444,-0.0033023333333333,0.0501489361144165,0.0500640007567193,0.548087583875345,0.0525928124951713,0.0506302364747007,0.6532734006659972,0.0547561135493628,0.0506302364747007,0.0495429391799531,0.2505655418062554,0.083546897340409,0.1085714285714285,0.8914285714285715
400,0.215,0.203306,35.8,3000,0.008336,attachment1,20,0.011694,0.2001333333333333,0.2034233333333333,35.67777777777778,0.0083404444444444,-0.00329,0.0535673993424258,0.053504327488592,0.5503273272450775,0.0558238455766798,0.053924806514151,0.6508335989273685,0.0581822935759031,0.053924806514151,0.0527831676199275,0.2541650672923271,0.0846316148380393,0.1142857142857142,0.8857142857142857
420,0.2065,0.208339,35.7,3000,0.008542,attachment1,21,-0.001839,0.2061666666666666,0.2084572222222222,35.72222222222222,0.0085468888888888,-0.0022905555555555,0.0576768694211397,0.057646450360891,0.4167127652402321,0.0594052423984278,0.057849244095882,0.4531217373146768,0.0616326147083215,0.057849244095882,0.0568142355725979,0.2100299153445756,0.086937686393713,0.12,0.88
440,0.2139,0.213408,35.8,3000,0.00875,attachment1,22,0.000492,0.2099333333333333,0.2135264444444444,35.75555555555556,0.0087547777777777,-0.0035931111111111,0.0603000899317394,0.0602324165739838,0.6008150749240009,0.0626676589175777,0.0606835722923546,0.7107955731885545,0.065107076946618,0.0606835722923546,0.0594991296753654,0.2785131968906284,0.0894245894030365,0.1257142857142857,0.8742857142857143
460,0.2071,0.218512,35.7,3000,0.008959,attachment1,23,-0.011412,0.2161777777777777,0.2186313333333333,35.8,0.0089641111111111,-0.0024535555555555,0.0645461614454799,0.0645194756057187,0.447117614492264,0.0662804391769669,0.0646973812041265,0.4853666846171566,0.0686056802907926,0.0646973812041265,0.0636244061316689,0.2269948018326686,0.0917919053023947,0.1314285714285714,0.8685714285714285
480,0.2193,0.223652,35.8,3000,0.00917,attachment1,24,-0.0043519999999999,0.2220444444444444,0.2237721111111111,35.84444444444445,0.0091748888888888,-0.0017276666666666,0.0685511045116117,0.0685471751942526,0.3504632572081028,0.0699089111551774,0.0685733706433137,0.3707473719606944,0.0721284247408452,0.0685733706433137,0.0675810989498922,0.1957748172292309,0.0934373349651265,0.1371428571428571,0.8628571428571429
500,0.2297,0.228828,35.9,3000,0.009382,attachment1,25,0.0008719999999999,0.2256666666666666,0.2289489999999999,35.87777777777778,0.0093871111111111,-0.0032823333333332,0.0710840246379109,0.0710339745614155,0.5680329884196966,0.0732184028307893,0.0713676417380516,0.6493169654141496,0.0756753102967759,0.0713676417380516,0.0702015346028051,0.2757638825138846,0.095458352716538,0.1428571428571428,0.8571428571428572
520,0.2248,0.23404,35.9,3000,0.009596,attachment1,26,-0.0092399999999999,0.2305444444444444,0.2341622222222222,35.922222222222224,0.0096008888888888,-0.0036177777777778,0.0744573869221144,0.0743827626662761,0.6156063688824189,0.0768794653019349,0.0748802577051984,0.7156751766658281,0.0792481939667291,0.0748802577051984,0.0737169349566404,0.2952055097572315,0.0977543707210737,0.1485714285714285,0.8514285714285714
540,0.2423,0.239289,36.0,3000,0.009811,attachment1,27,0.0030109999999999,0.2373888888888888,0.2394121111111111,35.97777777777778,0.0098161111111111,-0.0020232222222222,0.0791263877589849,0.0790817455195656,0.3958563262299174,0.0808908915133203,0.0793793604490275,0.4002373861151116,0.0828452187425604,0.0793793604490275,0.0784446339183737,0.2196799018241303,0.0990805983890248,0.1542857142857142,0.8457142857142858
560,0.2398,0.244575,36.0,3000,0.010028,attachment1,28,-0.0047749999999999,0.2439333333333333,0.2446987777777777,36.03333333333333,0.0100328888888888,-0.0007654444444444,0.0836041090574761,0.0835747664620778,0.2236214803934513,0.0849192164988202,0.0837703837647334,0.3920879399237428,0.0864682416324141,0.0837703837647334,0.0830384576381015,0.1613963308213317,0.1013889761057757,0.16,0.84
580,0.2476,0.249898,36.1,3000,0.010246,attachment1,29,-0.002298,0.2488,0.2500226666666666,36.07777777777778,0.0102511111111111,-0.0012226666666666,0.0869725864373123,0.0869159263480207,0.2875397529892591,0.0886285611817221,0.0872936602766314,0.3941023348186785,0.090115405628146,0.0872936602766314,0.0865488996496407,0.1865149889804269,0.1051636530454243,0.1657142857142857,0.8342857142857143
600,0.2504,0.255258,36.1,3000,0.010466,attachment1,30,-0.0048579999999999,0.2547999999999999,0.2553838888888889,36.13333333333333,0.0104708888888888,-0.0005838888888889,0.0911032595195046,0.0910351645635667,0.1991561587765538,0.0926894766601573,0.0914891309364861,0.3943400278868895,0.0937885677379004,0.0914891309364861,0.0908997645968404,0.1576010570005152,0.1084313470117623,0.1714285714285714,0.8285714285714285
620,0.2755,0.260657,36.3,3000,0.010687,attachment1,31,0.0148429999999999,0.2601444444444445,0.2607828888888889,36.17777777777778,0.0106922222222222,-0.0006384444444443,0.0947791692942337,0.0947043378629697,0.2073620308448219,0.0964326188912883,0.095203214071396,0.3965109570764121,0.0974877279616772,0.095203214071396,0.0946234153271285,0.1628369645842717,0.1108795630005143,0.1771428571428571,0.8228571428571428
640,0.266,0.266092,36.2,3000,0.01091,attachment1,32,-9.1999999999981e-05,0.2654333333333333,0.2662197777777778,36.22222222222222,0.0109151111111111,-0.0007864444444444,0.0984202924416797,0.0983353700677843,0.227831675994775,0.100192659896534,0.0989015192270868,0.3964286588945009,0.1012128862994767,0.0989015192270868,0.098322274345934,0.1722435628698541,0.1153090180407341,0.1828571428571428,0.8171428571428572
660,0.2631,0.271567,36.2,3000,0.011134,attachment1,33,-0.008467,0.2697,0.2716947777777778,36.25555555555556,0.0111395555555555,-0.0019947777777777,0.1013719129150183,0.1012646061321726,0.3952200907060731,0.1036349276544755,0.1019799846844771,0.3966425717355522,0.1049640427512987,0.1019799846844771,0.1012302938520436,0.2336227424172481,0.1205630959876938,0.1885714285714285,0.8114285714285714
680,0.2837,0.277079,36.4,3000,0.01136,attachment1,34,0.0066209999999999,0.2742888888888888,0.2772083333333334,36.28888888888888,0.0113655555555555,-0.0029194444444445,0.1045305994418587,0.1044150605451735,0.5228819291780108,0.1070940941865311,0.1051853198564084,0.5775296457891601,0.1087411973171431,0.1051853198564084,0.1042821052847509,0.2806758831359181,0.1248415304708683,0.1942857142857142,0.8057142857142857
700,0.2729,0.282631,36.3,3000,0.011588,attachment1,35,-0.009731,0.2805555555555555,0.2827606666666666,36.333333333333336,0.0115931111111111,-0.0022051111111111,0.1088000340639515,0.1087173760147438,0.4239488874155346,0.110904831514121,0.1092684296761285,0.436218966710991,0.1125443499970102,0.1092684296761285,0.1084172984256478,0.2474414884672667,0.1303721819680815,0.2,0.8
720,0.2899,0.288221,36.4,3000,0.011817,attachment1,36,0.0016789999999999,0.2851555555555555,0.2883518888888889,36.36666666666667,0.0118223333333333,-0.0031963333333333,0.1119674495020184,0.1118754586466624,0.5611967235988978,0.1143990026497,0.1124887310157027,0.6323042938312617,0.1163753577990442,0.1124887310157027,0.1114740682006519,0.2980326312429968,0.1360426855553333,0.2057142857142857,0.7942857142857143
740,0.2782,0.29385,36.3,3000,0.012048,attachment1,37,-0.0156499999999999,0.2909444444444444,0.2939824444444444,36.41111111111111,0.0120531111111111,-0.0030379999999999,0.1159326272131453,0.1158497607027725,0.5386039434244759,0.1182447445808128,0.1164022041052574,0.6009825147542027,0.1202323637151008,0.1164022041052574,0.1153960526227995,0.2918608159661407,0.1422478709350437,0.2114285714285714,0.7885714285714286
760,0.2889,0.29952,36.4,3000,0.01228,attachment1,38,-0.01062,0.2974555555555555,0.2996524444444444,36.46666666666667,0.0122855555555555,-0.0021968888888889,0.1203968637136654,0.1203198969885317,0.4226072714243079,0.1224432643627533,0.1208330084894233,0.4345924322185756,0.1241172247533243,0.1208330084894233,0.1199750013156381,0.2532104517313258,0.1465427585001689,0.2171428571428571,0.7828571428571429
780,0.3068,0.305229,36.5,3000,0.012514,attachment1,39,0.001571,0.3021666666666666,0.3053623333333333,36.5,0.0125196666666666,-0.0031956666666666,0.1236378635438904,0.1235542618096271,0.5612752100942944,0.1259905459312641,0.124111606704716,0.6321724126561931,0.1280299409137149,0.124111606704716,0.123081354513607,0.3044244879460465,0.1485836320671162,0.2228571428571428,0.7771428571428571
800,0.3169,0.310978,36.6,3000,0.01275,attachment1,40,0.005922,0.3076888888888888,0.3111122222222222,36.54444444444445,0.0127554444444444,-0.0034233333333333,0.1274348286766346,0.1273454866117129,0.5921796355096556,0.1298906053506025,0.1279411003778576,0.6772098339396305,0.1319705121962724,0.1279411003778576,0.1268843387206389,0.3173729829842714,0.151155237432507,0.2285714285714285,0.7714285714285715
820,0.3181,0.316767,36.6,3000,0.012987,attachment1,41,0.0013329999999999,0.3126555555555555,0.3169025555555556,36.58888888888889,0.0129928888888888,-0.004247,0.1308769637560072,0.1307553004679149,0.7049490859592589,0.1338087705993495,0.1315663890551965,0.8401490257278292,0.1359389386009969,0.1315663890551965,0.1304394058128462,0.359352777769293,0.1547278917897996,0.2342857142857143,0.7657142857142857
840,0.3217,0.322597,36.7,3000,0.013226,attachment1,42,-0.000897,0.3198111111111111,0.3227336666666667,36.644444444444446,0.013232,-0.0029225555555555,0.13575711509135,0.1356678734508994,0.5220857742769429,0.138079713698924,0.1362628177205699,0.5781450912727703,0.1399352201278884,0.1362628177205699,0.1353059383588812,0.296840988328923,0.1583899272136314,0.24,0.76
860,0.3261,0.328468,36.7,3000,0.013467,attachment1,43,-0.0023679999999999,0.3278,0.3286056666666666,36.71111111111112,0.0134727777777777,-0.0008056666666665,0.1412074583574936,0.1411525628527098,0.2315874517624821,0.1427034346493262,0.1415185328846017,0.4000752390647042,0.1439593567769469,0.1415185328846017,0.1408790185985721,0.1970637021408116,0.1629042435402835,0.2457142857142857,0.7542857142857142
880,0.3226,0.33438,36.7,3000,0.01371,attachment1,44,-0.01178,0.3338444444444444,0.3345188888888889,36.76666666666667,0.0137152222222222,-0.0006744444444444,0.1453779495860929,0.1453023139439265,0.2158249929344197,0.1470105894077179,0.1458065515583697,0.4081038026506426,0.1480113485481724,0.1458065515583697,0.145249716914958,0.1948093279177759,0.1669510785610733,0.2514285714285714,0.7485714285714286
900,0.3346,0.340334,36.8,3000,0.013954,attachment1,45,-0.005734,0.3375777777777778,0.3404736666666667,36.8,0.0139593333333333,-0.0028958888888888,0.1479979916939234,0.1478653955002662,0.52490579210123,0.1506665059526798,0.148749370124647,0.5728698442703068,0.152091195441565,0.148749370124647,0.1479197359908357,0.3072267548668662,0.1694334366882038,0.2571428571428571,0.7428571428571429
920,0.3426,0.34633,36.8,3000,0.0142,attachment1,46,-0.00373,0.3437111111111111,0.3464703333333333,36.85555555555556,0.0142052222222222,-0.0027592222222222,0.152227116453223,0.1520761723428243,0.5076657408745968,0.1550110794251827,0.1530824664121485,0.5458342033827561,0.1562007544652689,0.1530824664121485,0.1523301010455937,0.304220675457325,0.170261099556405,0.2628571428571428,0.7371428571428571
940,0.3608,0.352368,37.0,3000,0.014447,attachment1,47,0.0084319999999999,0.3495111111111111,0.3525091111111111,36.9,0.0144528888888888,-0.002998,0.1562078754356293,0.1560581026178522,0.5423535144730605,0.1590402937609685,0.1570565880696997,0.5930696442505405,0.1603400256192844,0.1570565880696997,0.1562570438100376,0.3192151650410096,0.1732734925072038,0.2685714285714285,0.7314285714285714
960,0.3612,0.358448,37.0,3000,0.014696,attachment1,48,0.002752,0.3552555555555556,0.3585903333333333,36.94444444444444,0.0147022222222222,-0.0033347777777777,0.1601539035009969,0.1600018917982916,0.5898753372421317,0.1630876139261631,0.1610153031496607,0.6596916178523071,0.1645071518954667,0.1610153031496607,0.1601591948629993,0.3385652719794033,0.1770206540959318,0.2742857142857143,0.7257142857142858
980,0.3505,0.364571,36.9,3000,0.014947,attachment1,49,-0.014071,0.3632333333333333,0.3647143333333333,37.0,0.0149532222222222,-0.001481,0.1655664010788979,0.1654789529811842,0.334640906626909,0.1674877119421854,0.1660619402992752,0.4318636178262677,0.1687021332938162,0.1660619402992752,0.1653926447389746,0.2504940280668,0.1813032978084047,0.28,0.72
1000,0.3733,0.370737,37.1,3000,0.0152,attachment1,50,0.002563,0.3709555555555556,0.3708813333333333,37.05555555555556,0.015206,7.422222222225328e-05,0.1708161837954713,0.1707805651289703,0.142513756887172,0.17190712284291,0.1710180229056433,0.4407860577024203,0.1729268268224771,0.1710180229056433,0.1705120527421307,0.1853352670308289,0.1839955050207219,0.2857142857142857,0.7142857142857143
1020,0.3739,0.376946,37.1,3000,0.015455,attachment1,51,-0.0030459999999999,0.3784111111111111,0.3770915555555555,37.12222222222222,0.0154605555555555,0.0013195555555555,0.1759319960531569,0.1758991000227321,0.3175552563369916,0.176680518649756,0.176118406892231,0.4494316408347711,0.1771812324814494,0.176118406892231,0.1758471325515898,0.2518083714700047,0.1873143353109841,0.2914285714285714,0.7085714285714286
1040,0.3778,0.383199,37.1,3000,0.015711,attachment1,52,-0.0053989999999999,0.3829777777777778,0.3833453333333333,37.15555555555555,0.015717,-0.0003675555555555,0.1790917205586635,0.1790342979978977,0.1870815787199445,0.1804704183323413,0.1794171150696699,0.4539474574154352,0.1814672072788776,0.1794171150696699,0.1788890272997043,0.2072076948188105,0.190379347043716,0.2971428571428571,0.7028571428571428
1060,0.3944,0.389496,37.2,3000,0.015969,attachment1,53,0.0049039999999999,0.3887,0.3896431111111111,37.2,0.0159752222222222,-0.000943111111111,0.1830279788152964,0.1829628307405018,0.2681201886803381,0.1846143029210482,0.1833971512391329,0.4584088568544614,0.1857828942066174,0.1833971512391329,0.182781261668073,0.2386679810300658,0.1936065870253706,0.3028571428571429,0.6971428571428571
1080,0.4041,0.395837,37.3,3000,0.016229,attachment1,54,0.008263,0.3969,0.3959851111111111,37.266666666666666,0.0162353333333333,0.0009148888888888,0.188623168632628,0.1885924563017479,0.2658887020821919,0.1894480514925895,0.1887972051742818,0.4639974975972415,0.1901301502728131,0.1887972051742818,0.1884485504113972,0.2415454458016512,0.1969568545768668,0.3085714285714285,0.6914285714285715
1100,0.4097,0.402222,37.4,3000,0.016491,attachment1,55,0.0074779999999999,0.4038666666666667,0.4023716666666667,37.32222222222222,0.0164972222222222,0.001495,0.1933938142276669,0.193375349563132,0.3477612204190113,0.1939664409274143,0.1934984473266982,0.4691358195552669,0.1945071184693202,0.1934984473266982,0.1932307911383919,0.2738923267006242,0.2024160205359302,0.3142857142857143,0.6857142857142857
1120,0.4019,0.408652,37.3,3000,0.016755,attachment1,56,-0.006752,0.4102111111111111,0.408803111111111,37.36666666666667,0.0167608888888888,0.001408,0.1977311478781533,0.1977310625651259,0.3363102188389222,0.1981694712255224,0.1977316313186414,0.4711236320944612,0.1989137987961388,0.1977316313186414,0.197400692675364,0.2720909185781513,0.2068148234675125,0.32,0.6799999999999999
1140,0.4127,0.415128,37.4,3000,0.01702,attachment1,57,-0.0024279999999999,0.4171222222222222,0.4152796666666666,37.422222222222224,0.0170264444444444,0.0018425555555555,0.2024680653405514,0.2024758147319215,0.397711179663075,0.2027276934850459,0.2024758147319215,0.4752095609720639,0.2033520482614133,0.2024241521227875,0.2021581416908762,0.2970288067222756,0.2108951912751511,0.3257142857142857,0.6742857142857143
1160,0.4243,0.421649,37.5,3000,0.017288,attachment1,58,0.002651,0.4221111111111111,0.4218017777777778,37.46666666666667,0.0172938888888888,0.0003093333333332,0.2059394688141755,0.2059008850259588,0.1866904841799108,0.2069717636631467,0.206158110280737,0.4795182617333964,0.2078218668651437,0.206158110280737,0.2057231254676765,0.2241680189693316,0.2147297610510639,0.3314285714285714,0.6685714285714286
1180,0.436,0.428216,37.6,3000,0.017557,attachment1,59,0.007784,0.4267,0.4283696666666666,37.51111111111111,0.0175632222222222,-0.0016696666666666,0.2091557400528869,0.2090513394389598,0.3753047854053543,0.2112363537812439,0.2097473435318077,0.4803243444889843,0.2123232546073301,0.2097473435318077,0.2091096089218032,0.2937087726546426,0.219004080884366,0.3371428571428571,0.6628571428571428
1200,0.431,0.434829,37.5,3000,0.017828,attachment1,60,-0.003829,0.4332,0.4349837777777778,37.55555555555556,0.0178344444444444,-0.0017837777777777,0.2135964483979584,0.2135138475058013,0.3900189423663541,0.2155214638393374,0.2140645201201819,0.476699658385885,0.2168562114879723,0.2140645201201819,0.2133489272509262,0.3007309034229171,0.2222838302568522,0.3428571428571428,0.6571428571428571
1220,0.44,0.441488,37.6,3000,0.018101,attachment1,61,-0.0014879999999999,0.4418111111111111,0.4416443333333333,37.62222222222223,0.0181074444444444,0.0001667777777778,0.2194612932268399,0.2194257171670016,0.1660651150506974,0.2204952308249714,0.2196628908992572,0.4765684109262498,0.2214188804989261,0.2196628908992572,0.2191996746592205,0.2238906854623101,0.2255612008399778,0.3485714285714286,0.6514285714285715
1240,0.4393,0.448195,37.6,3000,0.018376,attachment1,62,-0.0088949999999999,0.4487222222222222,0.4483516666666667,37.67777777777778,0.0183824444444444,0.0003705555555555,0.2242029460600064,0.2241704693337972,0.1939785203913964,0.2251560527844766,0.2243869808418591,0.4755525106488096,0.2260149756564802,0.2243869808418591,0.2239571236747325,0.2363949910836608,0.2289163208010927,0.3542857142857142,0.6457142857142857
1260,0.4454,0.454948,37.7,3000,0.018653,attachment1,63,-0.009548,0.4560777777777778,0.4551061111111111,37.733333333333334,0.0186593333333333,0.0009716666666667,0.229230078532956,0.2292203502572999,0.2767634412339509,0.2298373946839781,0.2292852054283412,0.4740389079256182,0.2306426399524903,0.2292852054283412,0.2289129063821044,0.2684500512999976,0.2357416379712763,0.36,0.64
1280,0.4682,0.461749,37.8,3000,0.018932,attachment1,64,0.0064509999999999,0.4623333333333334,0.461908,37.77777777777778,0.0189382222222222,0.0004253333333333,0.2335181379737903,0.2335150375079525,0.2012057568491838,0.234205791557351,0.2335357072802051,0.4743587468893773,0.2353037303951007,0.2335357072802051,0.2330431411807046,0.2435985160581351,0.2424808164353315,0.3657142857142857,0.6342857142857143
1300,0.4794,0.468597,37.9,3000,0.019212,attachment1,65,0.010803,0.4690333333333333,0.4687576666666666,37.833333333333336,0.0192191111111111,0.0002756666666667,0.2381275904812326,0.2381148535153121,0.1813307026277559,0.2389305874474332,0.2381997666214488,0.4771923216875425,0.2399982469843117,0.2381997666214488,0.2377063816925835,0.2393929659500328,0.2498413720073534,0.3714285714285714,0.6285714285714286
1320,0.4749,0.475494,37.9,3000,0.019495,attachment1,66,-0.000594,0.4764222222222222,0.4756554444444444,37.888888888888886,0.0195018888888888,0.0007667777777777,0.2431790155395541,0.2431876190955678,0.2512163786980001,0.2436759032775114,0.2431876190955678,0.483455488788623,0.2447243327119784,0.2431302620554762,0.2426770394268446,0.2675632816599408,0.255368967170565,0.3771428571428571,0.6228571428571428
1340,0.4905,0.482439,38.0,3000,0.01978,attachment1,67,0.0080609999999999,0.4857222222222222,0.4826016666666667,37.96666666666667,0.0197866666666666,0.0031205555555555,0.2495266488476412,0.2495724383296642,0.5793905646712729,0.2491122901457183,0.2495724383296642,0.6173138002659515,0.2494838445862456,0.2492671751161778,0.2491698760789404,0.3891412963153086,0.2614846715277988,0.3828571428571428,0.6171428571428572
1360,0.4923,0.489433,38.0,3000,0.020067,attachment1,68,0.002867,0.4937444444444444,0.4895966666666667,38.022222222222226,0.0200734444444444,0.0041477777777777,0.2549855383807806,0.2550800123882276,0.7238197412667717,0.2539010599663773,0.2550800123882276,0.8205207108395269,0.2542767826071131,0.2544501856719148,0.2544231593241017,0.444028815970611,0.2664213003404935,0.3885714285714285,0.6114285714285714
1380,0.4913,0.496476,38.0,3000,0.020356,attachment1,69,-0.0051759999999999,0.5014666666666666,0.4966407777777777,38.08888888888889,0.0203622222222222,0.0048258888888888,0.2602892289330988,0.2603816245360136,0.8210169120281937,0.2590462288037455,0.2603816245360136,0.9546658460726798,0.2591031467745812,0.259765653849915,0.2598772393486766,0.4829176295701359,0.2713741030812731,0.3942857142857143,0.6057142857142856
1400,0.5065,0.503568,38.1,3000,0.020646,attachment1,70,0.0029319999999999,0.5050333333333332,0.5037344444444445,38.12222222222222,0.0206531111111111,0.0012988888888887,0.2628260253416827,0.2628302828085881,0.3339485970171989,0.2632103156274408,0.2628302828085881,0.5136155147649718,0.263964794096794,0.2628018996958856,0.262472883290107,0.3109552530357144,0.2770609028647422,0.4,0.6
1420,0.523,0.510711,38.3,3000,0.020939,attachment1,71,0.0122889999999999,0.5129777777777778,0.5108778888888889,38.18888888888889,0.020946,0.0020998888888889,0.2682740434558561,0.2682844593347278,0.4466046149647951,0.2684001455106836,0.2682844593347278,0.5194067003059483,0.2688598675656072,0.2682150201422495,0.2680261301606119,0.3548827771620402,0.281682497266589,0.4057142857142857,0.5942857142857143
1440,0.5176,0.517903,38.2,3000,0.021234,attachment1,72,-0.000303,0.5193555555555556,0.5180715555555556,38.24444444444444,0.0212408888888888,0.0012839999999999,0.2726842293440031,0.2726630569934749,0.3351223389190266,0.2732770303677973,0.2728042059969966,0.5244004623380988,0.2737883671810208,0.2728042059969966,0.2725455787458924,0.3181609509312574,0.2853979390085332,0.4114285714285714,0.5885714285714285
1460,0.5377,0.525146,38.4,3000,0.021531,attachment1,73,0.0125539999999999,0.5260111111111111,0.5253156666666666,38.3,0.0215378888888888,0.0006954444444444,0.2772733065803109,0.2772323601251639,0.2539442425807765,0.2781768492754953,0.2775053364928109,0.5254747017714981,0.2787521499511792,0.2775053364928109,0.2771889858885853,0.2918980903547046,0.2879647685916377,0.4171428571428571,0.5828571428571429
1480,0.5115,0.53244,38.2,3000,0.02183,attachment1,74,-0.02094,0.5339666666666667,0.5326106666666667,38.36666666666667,0.0218368888888888,0.001356,0.2827315020720633,0.2826941648702212,0.3448479911462008,0.2834330671999028,0.2829430795491686,0.5235852469798727,0.2837493588679382,0.2829430795491686,0.2827471911013868,0.3273437445279417,0.2899609385558474,0.4228571428571429,0.5771428571428572
1500,0.5464,0.539785,38.5,3000,0.022131,attachment1,75,0.006615,0.5392222222222222,0.539957,38.41111111111111,0.0221381111111111,-0.0007347777777778,0.2863905609993425,0.2863023124182827,0.2568184365186635,0.2880440821873501,0.2868906362920149,0.5168997064643268,0.2887837079475863,0.2868906362920149,0.2864311750933028,0.297387470390583,0.2936571235048009,0.4285714285714285,0.5714285714285714
1520,0.5479,0.547182,38.5,3000,0.022434,attachment1,76,0.0007180000000001,0.5450555555555555,0.5473548888888888,38.45555555555555,0.0224414444444444,-0.0022993333333333,0.2904205707565824,0.2903071273500636,0.4717784165805505,0.2926780312253816,0.2910634167268559,0.5112589854337641,0.2938533401819794,0.2910634167268559,0.2903729928846364,0.375738763308767,0.2977452498080807,0.4342857142857143,0.5657142857142857
1540,0.5522,0.55463,38.5,3000,0.02274,attachment1,77,-0.0024299999999999,0.5528555555555557,0.5548047777777778,38.52222222222222,0.0227468888888888,-0.0019492222222221,0.2957824110445359,0.2956621370302735,0.4220935832293296,0.2980042583568352,0.2964639637920231,0.5072486008367417,0.2989582555711173,0.2964639637920231,0.2958617813052867,0.3607772661727008,0.3029550709738412,0.44,0.56
1560,0.5629,0.562131,38.6,3000,0.023047,attachment1,78,0.0007689999999999,0.5602777777777779,0.562307,38.577777777777776,0.0230544444444444,-0.0020292222222221,0.3008675994297661,0.3007577872672822,0.4324853889697636,0.3030187475174541,0.3014898683505081,0.5049612242877135,0.3040984541150001,0.3014898683505081,0.3008473140664375,0.3669057919973097,0.3078908836136842,0.4457142857142857,0.5542857142857143
1580,0.5538,0.569685,38.5,3000,0.023357,attachment1,79,-0.015885,0.5697000000000001,0.5698618888888888,38.65555555555556,0.0233642222222222,-0.0001618888888886,0.3073060139983764,0.307226516909473,0.1741570490564196,0.3087267218267892,0.3077564975021626,0.5057981577187218,0.3092757928217721,0.3077564975021626,0.3073946924837948,0.2784047780824613,0.3121569345876644,0.4514285714285714,0.5485714285714286
1600,0.5755,0.577292,38.7,3000,0.023669,attachment1,80,-0.001792,0.5758555555555556,0.577469888888889,38.7,0.0236762222222222,-0.0016143333333333,0.3115466552647556,0.3114525501898664,0.374670162670185,0.3134548211777452,0.3120799173557942,0.5037499229419098,0.3144902716914337,0.3120799173557942,0.3114803022017265,0.3519300638498787,0.3169162206149205,0.4571428571428571,0.5428571428571429
1620,0.5878,0.584952,38.8,3000,0.023983,attachment1,81,0.0028479999999999,0.5829888888888889,0.5851313333333334,38.75555555555556,0.0239904444444444,-0.0021424444444445,0.3164502400969867,0.3163498667350156,0.4473654668021766,0.3185417336559982,0.31701902248149,0.5022999047449915,0.3197418907239843,0.31701902248149,0.3163369180631685,0.3803875938041684,0.3211443746773063,0.4628571428571428,0.5371428571428571
1640,0.6045,0.592666,38.9,3000,0.024299,attachment1,82,0.011834,0.5917888888888889,0.5928466666666667,38.82222222222222,0.0243067777777777,-0.0010577777777778,0.322457738261551,0.3223914161178164,0.2990980304762002,0.3239862522062544,0.3228335637427139,0.5087400179160344,0.32502879291128,0.3228335637427139,0.322271957290503,0.3311884275412956,0.3254938307953162,0.4685714285714286,0.5314285714285714
1660,0.5963,0.600434,38.9,3000,0.024618,attachment1,83,-0.0041339999999999,0.5997666666666667,0.6006161111111111,38.888888888888886,0.0246253333333333,-0.0008494444444444,0.3279399653845876,0.327868477300709,0.2732512678043958,0.3294549118623885,0.3283450645265661,0.5187474991588774,0.3303528352614649,0.3283450645265661,0.3278400791878972,0.3260421860472942,0.3294764850005922,0.4742857142857143,0.5257142857142857
1680,0.6018,0.608257,38.9,3000,0.024939,attachment1,84,-0.006457,0.6088888888888889,0.6084401111111111,38.96666666666667,0.0249461111111111,0.0004487777777778,0.3341918357855872,0.3341312450321225,0.2222701194306423,0.33528238464582,0.3345351833885535,0.5337517057405908,0.3357140177745392,0.3345351833885535,0.3342535823632492,0.3129092730462935,0.3347735555519214,0.48,0.52
1700,0.6121,0.616135,39.0,3000,0.025262,attachment1,85,-0.004035,0.6174222222222222,0.6163191111111112,39.03333333333333,0.0252691111111111,0.001103111111111,0.3400319570254338,0.339989717160899,0.3159495743944573,0.3407993265137103,0.3402713162577975,0.5439866845338843,0.3411123404505027,0.3402713162577975,0.3400696213754678,0.3504720911946981,0.3394221394607056,0.4857142857142857,0.5142857142857142
1720,0.6314,0.624068,39.1,3000,0.025587,attachment1,86,0.007332,0.6251222222222222,0.6242534444444444,39.08888888888889,0.0255944444444444,0.0008687777777778,0.3453038919032759,0.3452760728708497,0.2868994435972535,0.3460069445213537,0.3454615330870235,0.5553174589559065,0.3465496602975002,0.3454615330870235,0.3451791126940309,0.3437787537031768,0.3438171678835358,0.4914285714285714,0.5085714285714286
1740,0.6347,0.632056,39.2,3000,0.025914,attachment1,87,0.002644,0.6326555555555555,0.6322435555555556,39.15555555555556,0.0259221111111111,0.0004119999999999,0.3505061547007184,0.3504480052970353,0.2263691525906948,0.3515745827115881,0.3508356679882563,0.5643911875306469,0.3520259773155313,0.3508356679882563,0.3505489008995656,0.3261588321990111,0.3494290055043676,0.4971428571428571,0.5028571428571429
1760,0.6359,0.640101,39.2,3000,0.026244,attachment1,88,-0.004201,0.6405333333333333,0.6402897777777778,39.21111111111111,0.026252,0.0002435555555554,0.3558941867248298,0.3558564125096688,0.2053757916924015,0.3568316899862813,0.3561082406107422,0.5721645973002735,0.3575394344964518,0.3561082406107422,0.3557377256948723,0.3220125858108065,0.3552180940291115,0.5028571428571429,0.4971428571428571
1780,0.6523,0.648203,39.3,3000,0.026576,attachment1,89,0.004097,0.6490666666666667,0.6483924444444445,39.27777777777778,0.0265841111111111,0.0006742222222221,0.3617388762047119,0.3617148846384453,0.2679959947973003,0.3624476103882719,0.3618748284135556,0.5821097164409046,0.3630900318402617,0.3618748284135556,0.3615537647070913,0.3484558984704226,0.3606860159943432,0.5085714285714286,0.4914285714285714
1800,0.6571,0.656361,39.3,3000,0.026911,attachment1,90,0.000739,0.6573222222222221,0.656552,39.34444444444445,0.0269185555555555,0.0007702222222221,0.3674069027462066,0.3673826512942799,0.283129989314028,0.3680888789514344,0.3675443276404578,0.5882442900094172,0.3686796263551053,0.3675443276404578,0.3672458451618979,0.3575860145454238,0.3659418266529353,0.5142857142857142,0.4857142857142857
1820,0.6723,0.664577,39.5,3000,0.027248,attachment1,91,0.007723,0.6634222222222221,0.6647688888888889,39.4,0.0272554444444444,-0.0013466666666667,0.3716603142531935,0.371570543480085,0.3625756172960787,0.3734220307096434,0.3721690153008085,0.5869854525314544,0.3743100750491271,0.3721690153008085,0.371641335189766,0.3884721269414944,0.3716462166307374,0.52,0.48
1840,0.6672,0.67285,39.4,3000,0.027587,attachment1,92,-0.0056499999999999,0.6716666666666666,0.6730435555555556,39.46666666666667,0.0275947777777777,-0.0013768888888889,0.3773236787312983,0.377230681917002,0.3665160978543118,0.3791164097057378,0.3778506606789772,0.5861702900968422,0.3799813779223274,0.3778506606789772,0.3773284573022762,0.3929592268310288,0.379333865365495,0.5257142857142857,0.4742857142857143
1860,0.6786,0.681181,39.5,3000,0.027928,attachment1,93,-0.002581,0.6807,0.6813763333333333,39.53333333333333,0.0279364444444444,-0.0006763333333332,0.3834932584285261,0.383432423897074,0.2695571516947552,0.3848361368630038,0.3838379874400879,0.586339117416674,0.3856916779665613,0.3838379874400879,0.383367621717837,0.3615021876556935,0.3870166528410801,0.5314285714285715,0.4685714285714285
1880,0.6864,0.689571,39.6,3000,0.028272,attachment1,94,-0.003171,0.6886444444444444,0.6897676666666666,39.599999999999994,0.0282805555555555,-0.0011232222222221,0.3889669589653373,0.3888866004232136,0.3323082194269477,0.3905824192367356,0.3894223240373713,0.5892325319309292,0.3914428321899735,0.3894223240373713,0.3889208685883417,0.3873374365383221,0.3943320379399872,0.5371428571428571,0.4628571428571428
1900,0.6863,0.69802,39.6,3000,0.028619,attachment1,95,-0.0117199999999999,0.6968,0.6982178888888888,39.666666666666664,0.028627,-0.0014178888888888,0.3945769823859534,0.3944857131087891,0.373002273255706,0.3963540497716396,0.3950941749565515,0.5888659261469346,0.3972329835844194,0.3950941749565515,0.3945683239624799,0.404992464284887,0.4018566993368558,0.5428571428571428,0.4571428571428572
1920,0.7089,0.706528,39.8,3000,0.028968,attachment1,96,0.0023719999999999,0.7031888888888889,0.7067274444444445,39.71111111111111,0.0289758888888888,-0.0035385555555556,0.398985499050407,0.3988719389864539,0.6650493532466061,0.4014828914801714,0.3996290060794749,0.7000032970293844,0.4030639891580437,0.3996290060794749,0.3987580588686381,0.5108994664464004,0.4081853665708854,0.5485714285714286,0.4514285714285714
1940,0.7172,0.715096,39.8,3000,0.029319,attachment1,97,0.0021039999999999,0.7120111111111112,0.7152968888888889,39.78888888888889,0.0293272222222222,-0.0032857777777777,0.4050606302867986,0.40492874480709,0.6293666074240077,0.4076423044694262,0.4058079813384804,0.6499983514852996,0.4089358489108461,0.4058079813384804,0.4050376868019847,0.5016267663348292,0.4144662894451451,0.5542857142857143,0.4457142857142857
1960,0.7238,0.723725,39.9,3000,0.029673,attachment1,98,7.500000000004725e-05,0.7206222222222222,0.7239265555555555,39.855555555555554,0.0296811111111111,-0.0033043333333333,0.4109660321735552,0.4108406144682903,0.6315599996055089,0.4134948077090216,0.4116767325033898,0.6536690441911869,0.4148504198509714,0.4116767325033898,0.4108884342102789,0.5054491900953144,0.4202745197418036,0.56,0.4399999999999999
1980,0.7305,0.732413,39.9,3000,0.030029,attachment1,99,-0.0019129999999999,0.7289555555555556,0.7326167777777778,39.92222222222222,0.0300374444444444,-0.0036612222222222,0.4166948268321689,0.4165617786565487,0.6814338113010642,0.4193738661650828,0.4174487664940168,0.7242694332406456,0.4208058449702749,0.4174487664940168,0.4166152230611608,0.5265571259907285,0.4256636442906262,0.5657142857142857,0.4342857142857143
2000,0.7298,0.741163,39.9,3000,0.030388,attachment1,100,-0.011363,0.7388666666666667,0.7413681111111111,40.0,0.0303962222222222,-0.0025014444444444,0.4234707954407228,0.4233661499311172,0.5226862492400481,0.4256141518590292,0.4240637866618211,0.5876604830734635,0.4268021242687566,0.4240637866618211,0.4233807685395635,0.4741164884322261,0.4305682039299862,0.5714285714285714,0.4285714285714286
2020,0.7466,0.749975,40.1,3000,0.030749,attachment1,101,-0.0033749999999999,0.7477777777777779,0.7501808888888889,40.06666666666667,0.0307575555555555,-0.002403111111111,0.4295719893956498,0.4294839815030949,0.5111214645892336,0.4315475278033163,0.4300707007867941,0.594500305321043,0.4328411147545611,0.4300707007867941,0.4293653911898631,0.4737768136104469,0.4344490960584158,0.5771428571428572,0.4228571428571428
2040,0.7561,0.758848,40.1,3000,0.031113,attachment1,102,-0.0027479999999999,0.7581000000000001,0.7590555555555555,40.15555555555555,0.0311214444444444,-0.0009555555555553,0.4366495710152308,0.4365705968776175,0.3135310444950773,0.4381780100622008,0.4370970911283726,0.604034218389872,0.4389228164276884,0.4370970911283726,0.4366490673546547,0.4083014037739067,0.4382023248015472,0.5828571428571429,0.4171428571428571
2060,0.7614,0.767783,40.2,3000,0.031479,attachment1,103,-0.006383,0.7671888888888889,0.7679925555555556,40.22222222222222,0.0314877777777777,-0.0008036666666666,0.4428670849574044,0.4428104799522779,0.2954356567086578,0.4441657034947135,0.4431878466531213,0.613825757110694,0.4450453722799938,0.4431878466531213,0.4427130234816981,0.4059034586476411,0.4418017706030171,0.5885714285714285,0.4114285714285715
2080,0.7755,0.776782,40.3,3000,0.031848,attachment1,104,-0.001282,0.7766333333333333,0.7769923333333334,40.3,0.0318567777777777,-0.0003590000000001,0.4493494197145262,0.449294466032304,0.237375809584249,0.4505170382756989,0.4496608239137853,0.6255440021496278,0.4512124963277664,0.4496608239137853,0.4492703185836483,0.389937313949577,0.445529003053241,0.5942857142857143,0.4057142857142857
2100,0.7891,0.785843,40.4,3000,0.03222,attachment1,105,0.003257,0.786888888888889,0.7860553333333333,40.388888888888886,0.0322283333333333,0.0008335555555556,0.456388165456122,0.4563353120933207,0.3073914720021628,0.4572308073498627,0.4566876678453292,0.639882238497863,0.4574223315628618,0.4566876678453292,0.4565242446946611,0.4204816207432923,0.4522635894093374,0.6,0.4
2120,0.8101,0.794968,40.6,3000,0.032594,attachment1,106,0.015132,0.794688888888889,0.7951818888888889,40.44444444444444,0.0326025555555555,-0.0004929999999998,0.4617486326687375,0.4616903217735305,0.2624751377069654,0.4629695296868235,0.4620790610749107,0.6473561581217311,0.4636767349934243,0.4620790610749107,0.4616783610938925,0.4077636454855162,0.4586597555794703,0.6057142857142858,0.3942857142857142
2140,0.8056,0.804158,40.5,3000,0.03297,attachment1,107,0.0014419999999999,0.8041666666666667,0.8043726666666667,40.52222222222222,0.0329793333333333,-0.000206,0.4682562070853849,0.4681971925103096,0.2250500212431825,0.4694053583383819,0.4685906230108113,0.6550804102580815,0.4699738496113096,0.4685906230108113,0.4682505312227319,0.3987961766824352,0.4649203407171607,0.6114285714285714,0.3885714285714285
2160,0.8155,0.813411,40.6,3000,0.03335,attachment1,108,0.002089,0.8141888888888889,0.813628,40.6,0.0333587777777777,0.0005608888888888,0.4751136709407922,0.4750778459740549,0.2772637660193547,0.4758701563169942,0.4753166790856368,0.6653151532887072,0.476315532424662,0.4753166790856368,0.4750656601240996,0.4220757039052357,0.4711618515569451,0.6171428571428571,0.3828571428571429
2180,0.8221,0.82273,40.7,3000,0.033732,attachment1,109,-0.0006299999999999,0.8258444444444444,0.8229483333333333,40.68888888888889,0.0337408888888888,0.002896111111111,0.4830539867373322,0.4830798476186989,0.6046450605231322,0.4826985956440791,0.4830798476186989,0.6786846575324489,0.4827017834334818,0.4829074417429208,0.4829443373644703,0.5444463541770568,0.4774724323038019,0.6228571428571429,0.3771428571428571
2200,0.8168,0.832114,40.6,3000,0.034117,attachment1,110,-0.015314,0.8347,0.8323341111111111,40.75555555555555,0.0341256666666666,0.0023658888888888,0.4891313689831099,0.4891595380960882,0.5344141786735876,0.4888866602553795,0.4891595380960882,0.6893238720198867,0.4891326026377687,0.4889717440095665,0.4889041683032872,0.5235073024922892,0.4833693125060441,0.6285714285714286,0.3714285714285714
2220,0.8414,0.841565,40.8,3000,0.034504,attachment1,111,-0.0001649999999999,0.8427333333333333,0.841785888888889,40.82222222222222,0.0345131111111111,0.0009474444444443,0.4946837030283373,0.4946747403735692,0.3388312918959963,0.4951036941937339,0.4947344914053563,0.6921123364182288,0.4956079900375228,0.4947344914053563,0.494497081912164,0.4570706793963749,0.4917746684659076,0.6342857142857142,0.3657142857142857
2240,0.8516,0.851081,40.9,3000,0.034894,attachment1,112,0.000519,0.8520555555555556,0.851304,40.900000000000006,0.0349034444444444,0.0007515555555556,0.5010984876968231,0.5010748160455009,0.3122553393013753,0.5016867835911488,0.5012326270543159,0.6939450267378343,0.5021316596490331,0.5012326270543159,0.5009998352488528,0.4514308383778687,0.501078185823597,0.64,0.36
2260,0.8804,0.860665,41.1,3000,0.035287,attachment1,113,0.0197349999999999,0.8603666666666667,0.8608889999999999,40.96666666666667,0.0352964444444444,-0.0005223333333331,0.5068314401077855,0.5067807237959239,0.2800612251815378,0.5079641702941979,0.5071188325416682,0.6924366490640189,0.5086998974560103,0.5071188325416682,0.5067167074151417,0.44294835589588,0.5093222121923939,0.6457142857142857,0.3542857142857143
2280,0.8688,0.870315,41.0,3000,0.035683,attachment1,114,-0.0015149999999999,0.8711,0.8705413333333333,41.04444444444445,0.0356922222222222,0.0005586666666667,0.514152345474117,0.5141495832704006,0.28479293954462,0.5146064054010138,0.5141679979618432,0.691438140845579,0.5153145604665994,0.5141679979618432,0.5138491702234846,0.4482269274980204,0.51469831823196,0.6514285714285715,0.3485714285714285
2300,0.8824,0.880034,41.2,3000,0.036081,attachment1,115,0.0023659999999999,0.8831888888888888,0.8802615555555555,41.14444444444444,0.0360906666666666,0.0029273333333332,0.5224141276446432,0.522449085452834,0.6142236471960718,0.5219469538777213,0.522449085452834,0.6962015980341818,0.5219737916726556,0.5222160333982292,0.5222558948348373,0.5710562912725492,0.5196305158917778,0.6571428571428571,0.3428571428571428
2320,0.8895,0.889821,41.2,3000,0.036483,attachment1,116,-0.000321,0.8937,0.8900498888888888,41.233333333333334,0.036492,0.0036501111111112,0.5296314099569575,0.5296653805489573,0.7157888352167063,0.5289842137706515,0.5296653805489573,0.7220714136563207,0.5295467584624212,0.5294389099356254,0.5296238628186697,0.6119944676732664,0.5260691209837216,0.6628571428571428,0.3371428571428572
2340,0.8903,0.899676,41.2,3000,0.036887,attachment1,117,-0.009376,0.9026888888888888,0.8999071111111111,41.31111111111111,0.0368962222222222,0.0027817777777777,0.535839758981763,0.5358366096533586,0.5969677652943497,0.5357181850798041,0.5358576051760549,0.705868123656856,0.5362401988908011,0.5358576051760549,0.5359778658864635,0.5736797799060593,0.534485468389435,0.6685714285714286,0.3314285714285714
2360,0.9187,0.909601,41.4,3000,0.037294,attachment1,118,0.0090989999999999,0.9116666666666666,0.9098334444444444,41.388888888888886,0.0373032222222222,0.0018332222222221,0.5420423874485362,0.5420002105388422,0.4663234328782636,0.5424823327713042,0.5422813899368019,0.7082251900747324,0.5429336393191811,0.5422813899368019,0.5423269106119608,0.5309213524461547,0.5433833796343446,0.6742857142857143,0.3257142857142857
2380,0.9256,0.919596,41.5,3000,0.037703,attachment1,119,0.006004,0.9205888888888888,0.9198296666666668,41.46666666666667,0.0377131111111111,0.000759222222222,0.5482108978109583,0.5481256703297375,0.3178014125077837,0.5492778639004459,0.5486938535378766,0.7088931258951721,0.5496270797475618,0.5486938535378766,0.548651163625976,0.4816211885899192,0.5509455710185157,0.68,0.3199999999999999
2400,0.936,0.92966,41.6,3000,0.038116,attachment1,120,0.00634,0.930911111111111,0.929896,41.54444444444445,0.0381258888888888,0.001015111111111,0.5552771342214657,0.5552122857042601,0.3542378117388908,0.556104778467229,0.5556446091522975,0.7122335442675228,0.5563205201759418,0.5556446091522975,0.5556001677693486,0.4986257622569275,0.5559478871388269,0.6857142857142857,0.3142857142857143
2420,0.9325,0.939796,41.6,3000,0.038532,attachment1,121,-0.0072959999999999,0.9430333333333332,0.940033,41.644444444444446,0.0385414444444444,0.0030003333333331,0.5635688357120416,0.5635346725434466,0.6304255134611563,0.5636312134591978,0.5637624270007474,0.7165121786896983,0.5649263721552878,0.5637624270007474,0.564021767407591,0.6023947475141505,0.5594330841331613,0.6914285714285714,0.3085714285714286
2440,0.9612,0.950002,41.8,3000,0.03895,attachment1,122,0.011198,0.9534,0.9502413333333334,41.733333333333334,0.0389599999999999,0.0031586666666666,0.5707022800283981,0.57065180079364,0.6536378732781983,0.5708555669226828,0.5709883290253605,0.7208025602333162,0.5725760183591508,0.5709883290253605,0.5713252769415688,0.6152905740042689,0.564127840630312,0.6971428571428572,0.3028571428571428
2460,0.9491,0.960281,41.7,3000,0.039372,attachment1,123,-0.0111809999999999,0.9621666666666668,0.9605213333333332,41.81111111111111,0.0393814444444444,0.0016453333333336,0.5767769978582609,0.5766704655196879,0.4447461916135549,0.5777766318023903,0.577380681110174,0.7230275785922244,0.5792694587875309,0.577380681110174,0.5775801131634329,0.544574403064404,0.5705880220958842,0.7028571428571428,0.2971428571428571
2480,0.9753,0.970631,41.9,3000,0.039796,attachment1,124,0.0046689999999999,0.9719444444444444,0.9708734444444443,41.888888888888886,0.0398058888888888,0.001071,0.5835005314515272,0.5833832981672443,0.3669265689055654,0.5847302871750332,0.5841648533957974,0.7287319783013622,0.5859628992159109,0.5841648533957974,0.5842861585342777,0.5209927671630081,0.5777871051991964,0.7085714285714285,0.2914285714285715
2500,0.9986,0.981054,42.1,3000,0.040223,attachment1,125,0.017546,0.9812222222222222,0.9812983333333334,41.95555555555555,0.0402333333333333,-7.611111111116564e-05,0.589869612368477,0.5897528609635052,0.2300735029314053,0.5913818610191925,0.5905312036633176,0.73177999674806,0.5917001338688085,0.5905312036633176,0.5904344064803614,0.4755551815156664,0.5848880948918331,0.7142857142857143,0.2857142857142857
2520,0.9836,0.991551,42.0,3000,0.040654,attachment1,126,-0.0079509999999999,0.9911555555555556,0.9917964444444444,42.03333333333333,0.0406636666666666,-0.0006408888888888,0.5966956850026636,0.5965724886759092,0.3082182843580914,0.5983994903224124,0.5973937975209384,0.7315701520673549,0.598402675874456,0.5973937975209384,0.597209868643357,0.5071259386833122,0.5923793253821197,0.72,0.28
2540,0.9976,1.002121,42.1,3000,0.041087,attachment1,127,-0.0045209999999999,1.0005444444444445,1.0023683333333335,42.111111111111114,0.0410971111111111,-0.001823888888889,0.6031747651307953,0.6030183336613468,0.4713396252331656,0.6054509171738617,0.6040612101243369,0.7292539496429588,0.6056468646460191,0.6040612101243369,0.6037423720338246,0.5688498767206113,0.598028087206165,0.7257142857142858,0.2742857142857142
2560,1.0136,1.012765,42.2,3000,0.041523,attachment1,128,0.0008350000000001,1.0114888888888889,1.0130144444444444,42.2,0.0415335555555555,-0.0015255555555555,0.6106870711318076,0.6105321292952595,0.4288893034885656,0.612869606539665,0.6115650748722473,0.7254588041208496,0.6129411926374827,0.6115650748722473,0.61130371536722,0.5575439465683257,0.6051823728978243,0.7314285714285714,0.2685714285714285
2580,1.0195,1.023484,42.2,3000,0.041963,attachment1,129,-0.0039839999999999,1.0221111111111112,1.0237354444444444,42.28888888888889,0.0419731111111111,-0.0016243333333332,0.6179946509095802,0.6178247065805595,0.4421512612797833,0.6203220934536977,0.6189576687740299,0.7240710771801654,0.6203863071332952,0.6189576687740299,0.6187212667740171,0.5663588051185362,0.6131908689859327,0.7371428571428571,0.2628571428571429
2600,1.0219,1.034279,42.3,3000,0.042405,attachment1,130,-0.0123789999999999,1.0301444444444443,1.0345317777777778,42.355555555555554,0.0424157777777777,-0.0043873333333332,0.6235746729462415,0.6233399088580406,0.8245027870996839,0.6271390338731218,0.6249050027793794,0.8679100130782085,0.6276858373045453,0.6249050027793794,0.6243141803828937,0.70598930321525,0.6212775133579868,0.7428571428571429,0.2571428571428571
2620,1.0457,1.045149,42.5,3000,0.042851,attachment1,131,0.0005509999999999,1.0432777777777775,1.0454037777777776,42.45555555555555,0.0428614444444444,-0.0021259999999998,0.6325287834998387,0.6323564636187357,0.513394486899926,0.6349925808497382,0.6335052628260891,0.7299871327022485,0.6351342969719997,0.6335052628260891,0.6331869891701166,0.6002408599290855,0.6287854309816517,0.7485714285714286,0.2514285714285714
2640,1.0476,1.056096,42.5,3000,0.0433,attachment1,132,-0.0084959999999998,1.0540333333333334,1.0563522222222224,42.53333333333333,0.0433103333333333,-0.0023188888888889,0.6398905449912433,0.6397405795310478,0.5419532227433451,0.6422117883870397,0.6407403492656846,0.7361484722166144,0.6426366098756436,0.6407403492656846,0.6403293686630525,0.6146939250636781,0.6353668937017963,0.7542857142857143,0.2457142857142856
2660,1.0709,1.06712,42.7,3000,0.043752,attachment1,133,0.0037799999999998,1.0646777777777778,1.0673776666666668,42.62222222222222,0.0437624444444444,-0.0026998888888889,0.6472186466549068,0.647048413254183,0.5961698936665302,0.6498006725492836,0.6481833025923415,0.7410071616830448,0.6501927760154772,0.6481833025923415,0.6477568367544424,0.6387154912559662,0.6423074363046315,0.76,0.24
2680,1.0709,1.078221,42.7,3000,0.044207,attachment1,134,-0.0073210000000001,1.0769444444444445,1.0784805555555554,42.72222222222222,0.0442176666666666,-0.0015361111111111,0.6556227097865394,0.6554699669392992,0.4368344040210793,0.6577580262811757,0.6564882525875675,0.7470701958172111,0.6578009383833556,0.6564882525875675,0.6562428948425391,0.587106173855118,0.6490067479116285,0.7657142857142857,0.2342857142857143
2700,1.1018,1.089399,42.9,3000,0.044665,attachment1,135,0.0124009999999998,1.0884111111111112,1.0896613333333331,42.8111111111111,0.0446761111111111,-0.0012502222222219,0.6634803721805446,0.6633422888623429,0.3995819046200409,0.6654157125951718,0.6642628443170209,0.7548569669266133,0.6654629539874237,0.6642628443170209,0.6640372802638693,0.5787320725127445,0.6531379827276161,0.7714285714285715,0.2285714285714285
2720,1.0944,1.100657,42.8,3000,0.045127,attachment1,136,-0.0062569999999999,1.099811111111111,1.1009206666666669,42.9,0.0451377777777777,-0.0011095555555555,0.6712969702867907,0.6711688414718802,0.3839161938689332,0.6731084035126915,0.6720230335712838,0.7675674296112708,0.6731788228276814,0.6720230335712838,0.6718019156314208,0.5785247384773351,0.659755133359886,0.7771428571428571,0.2228571428571428
2740,1.1094,1.111994,43.0,3000,0.045592,attachment1,137,-0.0025939999999999,1.1132555555555557,1.112259111111111,43.0,0.0456026666666666,0.0009964444444445,0.6804598915085986,0.6803989863622705,0.3736603469702214,0.6811707710551533,0.6808050206711244,0.785591565142551,0.6815834767641995,0.6808050206711244,0.6808135580029456,0.5812688243300543,0.6658756492648793,0.7828571428571428,0.2171428571428572
2760,1.1299,1.12341,43.1,3000,0.04606,attachment1,138,0.0064899999999998,1.1228222222222222,1.1236771111111112,43.06666666666666,0.0460707777777777,-0.000854888888889,0.6870343085426335,0.6869668828503908,0.3576229027658545,0.688264127136881,0.6874163874653421,0.79747321330555,0.688772120216765,0.6874163874653421,0.6870907228487377,0.5797999406455809,0.6717578920820312,0.7885714285714286,0.2114285714285714
2780,1.1251,1.134906,43.1,3000,0.046531,attachment1,139,-0.0098059999999999,1.1353,1.1351753333333334,43.166666666666664,0.0465422222222222,0.0001246666666665,0.695581658338613,0.695533372694943,0.2604549131295302,0.696397710941683,0.6958552769860764,0.8106388910467534,0.6966514057737356,0.6958552769860764,0.6956709894404678,0.5510528330115028,0.6800122627696373,0.7942857142857143,0.2057142857142857
2800,1.1483,1.146483,43.3,3000,0.047006,attachment1,140,0.0018170000000001,1.1457333333333333,1.1467544444444444,43.25555555555556,0.047017,-0.0010211111111111,0.7027859719234467,0.7026962702586425,0.3872707170930834,0.7042328343838833,0.703294281357338,0.8195737241051836,0.7045864015750402,0.703294281357338,0.7030042490282248,0.6013811600517511,0.6873541232221532,0.8,0.1999999999999999
2820,1.1686,1.158142,43.4,3000,0.047484,attachment1,141,0.010458,1.1587888888888889,1.158414888888889,43.36666666666667,0.0474951111111111,0.0003739999999998,0.711742414385985,0.7116594274869138,0.3008540710783241,0.7127735135277383,0.7122126734807221,0.8302144454392699,0.7131382673551347,0.7122126734807221,0.7121770214407912,0.576765270935515,0.6947529845629457,0.8057142857142857,0.1942857142857142
2840,1.157,1.169882,43.3,3000,0.047965,attachment1,142,-0.012882,1.169722222222222,1.170157111111111,43.45555555555555,0.0479765555555555,-0.0004348888888889,0.7192701697218118,0.7191655949019087,0.3112324405578521,0.7206810602875726,0.7198627603679295,0.8367036666189815,0.7207879135589977,0.7198627603679295,0.7197334064318899,0.5852817074141585,0.7028616106372146,0.8114285714285714,0.1885714285714286
2860,1.1832,1.181705,43.6,3000,0.04845,attachment1,143,0.001495,1.1796555555555557,1.1819818888888889,43.53333333333333,0.0484613333333333,-0.0023263333333332,0.7261235403757221,0.7259852226143129,0.5741466674974596,0.7282901466848049,0.7269073410237081,0.840023717446889,0.7287256504449579,0.7269073410237081,0.7265088685948856,0.6831693282765045,0.7100731988106848,0.8171428571428572,0.1828571428571428
2880,1.1957,1.193611,43.7,3000,0.048938,attachment1,144,0.002089,1.1931222222222222,1.1938897777777775,43.64444444444444,0.0489495555555555,-0.0007675555555555,0.7353482450937019,0.7352306239425382,0.3601613630314062,0.736940667860405,0.7360147649502963,0.846246426701217,0.7370434117422063,0.7360147649502963,0.7358650996724221,0.6125829600202573,0.7182729405587926,0.8228571428571428,0.1771428571428571
2900,1.2119,1.205601,43.8,3000,0.04943,attachment1,145,0.006299,1.205177777777778,1.2058813333333334,43.733333333333334,0.0494412222222222,-0.0007035555555554,0.7435995705002216,0.7435072414682187,0.3514334461244678,0.7449592637072785,0.7441227683482391,0.8466947535585094,0.7451026052710062,0.7441227683482391,0.7439222772354666,0.6137147826023672,0.7258184925294437,0.8285714285714286,0.1714285714285713
2920,1.2078,1.217674,43.8,3000,0.049925,attachment1,146,-0.0098739999999999,1.2163111111111111,1.2179571111111112,43.82222222222222,0.0499363333333333,-0.0016459999999998,0.751262217850635,0.7511507168237319,0.4826933935438541,0.7530152782682629,0.7518940570030854,0.8492105289516253,0.7533774335627482,0.7518940570030854,0.7515679123879022,0.6650342483793478,0.7341510023117388,0.8342857142857143,0.1657142857142857
2940,1.2193,1.229833,43.8,3000,0.050423,attachment1,147,-0.0105329999999999,1.2302111111111111,1.2301176666666669,43.93333333333334,0.0504348888888888,9.34444444444793e-05,0.7607695228728265,0.7606936186897467,0.2692837685614874,0.7617780555861964,0.7611996465769449,0.8544800908946258,0.7619047619047621,0.7611996465769449,0.7611175188150021,0.5945649734026515,0.7421652971083714,0.84,0.16
2960,1.2463,1.242077,44.1,3000,0.050925,attachment1,148,0.0042229999999998,1.2416888888888888,1.2423636666666669,44.02222222222222,0.0509369999999999,-0.000674777777778,0.7686561927069953,0.7685735688317078,0.3505201036520597,0.7699101146306964,0.7691243946669578,0.8569336436717726,0.7701016489118119,0.7691243946669578,0.7689168625786287,0.6280130855335723,0.750237032308939,0.8457142857142858,0.1542857142857142
2980,1.2568,1.254407,44.1,3000,0.051431,attachment1,149,0.0023929999999998,1.254,1.2546956666666669,44.111111111111114,0.0514426666666666,-0.0006956666666666,0.777078143829538,0.7770256353924948,0.3547216515498141,0.7780807994446016,0.7773756916394499,0.8612968240877069,0.7785528929772781,0.7773756916394499,0.7770880820144924,0.6341260962335178,0.7595171757710621,0.8514285714285714,0.1485714285714285
3000,1.2688,1.266824,44.2,3000,0.05194,attachment1,150,0.0019759999999999,1.2659777777777776,1.2671142222222225,44.2,0.0519517777777777,-0.0011364444444446,0.785288422545433,0.7852488553857514,0.4169485572775707,0.7862889029726177,0.7855126364502957,0.8652638237203467,0.7870617042952228,0.7855126364502957,0.7851105511814613,0.6609256608000149,0.7677987743996485,0.8571428571428571,0.1428571428571429
3020,1.2821,1.279327,44.3,3000,0.052452,attachment1,151,0.0027729999999999,1.2789444444444444,1.2796201111111112,44.3,0.0524644444444444,-0.0006756666666667,0.7941694266642528,0.7941509868626815,0.3546840446814433,0.7948703042914577,0.794273918873157,0.8704031501140512,0.7956299398737905,0.794273918873157,0.7939089848342368,0.6438987766265963,0.7757637719277009,0.8628571428571429,0.1371428571428571
3040,1.2865,1.291919,44.4,3000,0.052969,attachment1,152,-0.005419,1.2943666666666669,1.2922137777777778,44.43333333333333,0.0529807777777777,0.0021528888888888,0.8047318847959796,0.8047389547204182,0.5636558008283066,0.8044955544992535,0.8047389547204182,0.8851133618771345,0.8049340218014912,0.8046918218908279,0.8048072281987938,0.7262084530323779,0.7840059091212632,0.8685714285714285,0.1314285714285714
3060,1.3065,1.304599,44.5,3000,0.053489,attachment1,153,0.0019009999999999,1.307,1.304896,44.53333333333333,0.0535007777777777,0.0021039999999998,0.8134031663667033,0.8134122396298178,0.5600324083137954,0.813156621467491,0.8134122396298178,0.8956017212281825,0.8135398737808373,0.8133517512090547,0.8134569115826746,0.730621521948433,0.7929810670298243,0.8742857142857143,0.1257142857142856
3080,1.3197,1.317368,44.6,3000,0.054012,attachment1,154,0.002332,1.3184444444444443,1.317667222222222,44.63333333333333,0.0540243333333333,0.0007772222222222,0.8213151060521872,0.8212693051150259,0.3790707676781174,0.8218563142051336,0.8215746446961008,0.9048157957673392,0.8221457257601834,0.8215746446961008,0.8215760523408311,0.6715811758029672,0.8027495261218396,0.88,0.12
3100,1.3245,1.330227,44.7,3000,0.054539,attachment1,155,-0.005727,1.3316666666666666,1.3305281111111111,44.74444444444444,0.0545515555555555,0.0011385555555554,0.8304028721548321,0.8303468856270625,0.4313294320436099,0.8309305117888939,0.8307201291455265,0.9122256175915509,0.8317077835150118,0.8307201291455265,0.8308231998878448,0.6961921711537613,0.8113902864978131,0.8857142857142857,0.1142857142857143
3120,1.3581,1.343176,45.0,3000,0.05507,attachment1,156,0.0149240000000001,1.3434444444444444,1.3434794444444444,44.84444444444445,0.0550825555555555,-3.500000000000725e-05,0.8385319438509083,0.8384327976798011,0.2807776699637263,0.8397110772312282,0.8390937721538503,0.9197701226007456,0.8403136354943586,0.8390937721538503,0.8390910909148962,0.6478574644647259,0.8217884965544989,0.8914285714285715,0.1085714285714285
3140,1.36,1.356217,45.0,3000,0.055605,attachment1,157,0.003783,1.3577888888888887,1.3565217777777778,44.95555555555555,0.0556172222222222,0.0012671111111108,0.8483418872681378,0.8482808283025229,0.4539306814868111,0.8488661475196799,0.8486878880732889,0.928223913689973,0.8498756932491871,0.8486878880732889,0.8488390310338554,0.7157419523749831,0.8296390135056365,0.8971428571428571,0.1028571428571428
3160,1.3598,1.369348,45.0,3000,0.056143,attachment1,158,-0.0095480000000001,1.3717444444444444,1.3696557777777778,45.06666666666667,0.0561556666666666,0.0020886666666666,0.8579047588387491,0.8578618712631263,0.5694051884792125,0.8580622576881246,0.8581477884339448,0.9339219448411584,0.8594377510040162,0.8581477884339448,0.8584134291724378,0.7627710823871782,0.8378613041485495,0.9028571428571428,0.0971428571428572
3180,1.3878,1.382572,45.2,3000,0.056685,attachment1,159,0.005228,1.3839777777777778,1.382882,45.166666666666664,0.056698,0.0010957777777778,0.8663311588595175,0.8662605402914896,0.4337021279892195,0.8669659427704366,0.866731330745009,0.9398801466762912,0.8680436029833616,0.866731330745009,0.8668846122336448,0.7195921838283686,0.8496967920694981,0.9085714285714286,0.0914285714285714
3200,1.3881,1.395889,45.2,3000,0.057231,attachment1,160,-0.007789,1.3987888888888889,1.396201111111111,45.28888888888889,0.0572441111111111,0.0025877777777778,0.8764814573424049,0.876428956108754,0.6428337416944304,0.8765800117755796,0.8767789643330929,0.9483020295236888,0.8785618665136737,0.8767789643330929,0.877175474750476,0.8008491227863026,0.8605465818719664,0.9142857142857144,0.0857142857142857
3220,1.4156,1.4093,45.4,3000,0.057781,attachment1,161,0.0062999999999999,1.410911111111111,1.4096137777777775,45.37777777777777,0.0577941111111111,0.0012973333333334,0.8848047105120442,0.8847513429479404,0.465119769227663,0.8852323116517518,0.8851071267086327,0.9515707751972694,0.8862115127175362,0.8851071267086327,0.885262402367299,0.741890678701414,0.8725842838976833,0.92,0.0799999999999999
3240,1.4321,1.422805,45.5,3000,0.058335,attachment1,162,0.0092949999999998,1.4247333333333332,1.4231205555555555,45.48888888888889,0.0583478888888888,0.0016127777777776,0.8942899103266847,0.8942408472815316,0.5108170377342719,0.8945949954507552,0.894567934249219,0.9582908595531549,0.8957735704723653,0.894567934249219,0.8947773003983234,0.764094271337691,0.8822649730420461,0.9257142857142856,0.0742857142857142
3260,1.4298,1.436404,45.5,3000,0.058893,attachment1,163,-0.006604,1.4410777777777777,1.4367223333333332,45.611111111111114,0.0589055555555555,0.0043554444444444,0.9054276400264042,0.9054619573094356,0.8935845678088687,0.904334598206464,0.9054619573094356,0.9682112666636108,0.9062918340026774,0.9052331754225597,0.9057524141520704,0.9075031862519752,0.8897336327666802,0.9314285714285714,0.0685714285714286
3280,1.4578,1.450099,45.8,3000,0.059454,attachment1,164,0.0077009999999999,1.4539777777777776,1.4504196666666669,45.71111111111112,0.0594672222222222,0.0035581111111109,0.9142905324781307,0.9143183194728596,0.7852978258335183,0.9134483109099152,0.9143183194728596,0.9752918592835198,0.9148976859820236,0.9141330728413348,0.9145210977510668,0.8742200520212677,0.8987362262010813,0.9371428571428572,0.0628571428571428
3300,1.4672,1.46389,45.8,3000,0.06002,attachment1,165,0.0033100000000001,1.4679666666666666,1.4642132222222222,45.82222222222222,0.0600327777777777,0.0037534444444444,0.9238883372907816,0.923922247090216,0.8139858777730256,0.9229389425700724,0.923922247090216,0.9807559357315574,0.924459743736852,0.9236961817606544,0.9241103709165386,0.8902322951492796,0.9059443302375708,0.9428571428571428,0.0571428571428571
3320,1.4844,1.477778,46.0,3000,0.060589,attachment1,166,0.0066219999999999,1.4803666666666666,1.4781036666666667,45.922222222222224,0.0606023333333333,0.0022629999999999,0.932435086033523,0.9324353394023444,0.6083252401870466,0.9321383561993908,0.9324353394023444,0.983185953550747,0.933065595716198,0.9324336502768686,0.9326559291121932,0.8217409305404235,0.9142635928516252,0.9485714285714286,0.0514285714285713
3340,1.5069,1.491764,46.1,3000,0.061162,attachment1,167,0.0151359999999998,1.4926,1.4920915555555554,46.02222222222222,0.0611758888888888,0.0005084444444447,0.9408771406329494,0.9408340084307076,0.3666618987907071,0.9413812238192892,0.941121556445652,0.9875164515487364,0.9416714476955436,0.941121556445652,0.9411271121734002,0.740567930587327,0.9223395454782592,0.9542857142857144,0.0457142857142857
3360,1.5039,1.505848,46.1,3000,0.06174,attachment1,168,-0.001948,1.5073555555555556,1.5061777777777778,46.144444444444446,0.0617533333333333,0.0011777777777777,0.9510075828340352,0.9509642831533838,0.4611280717617494,0.9513356824173133,0.95125294769106,0.993450062008846,0.9521897112258556,0.95125294769106,0.951393182978749,0.7806418725613813,0.9280446440184068,0.96,0.04
3380,1.514,1.520031,46.2,3000,0.062321,attachment1,169,-0.0060309999999998,1.520988888888889,1.520363,46.24444444444444,0.0623348888888888,0.0006258888888888,0.960349926152786,0.9603241077653744,0.3854556494026425,0.9606654580183728,0.9604962303481186,0.9959517972399026,0.9607955632052012,0.9604962303481186,0.9604891171693136,0.7585815300075096,0.9338372849821006,0.9657142857142856,0.0342857142857142
3400,1.5272,1.534314,46.3,3000,0.062907,attachment1,170,-0.007114,1.5351555555555556,1.534647888888889,46.35555555555556,0.0629205555555555,0.0005076666666665,0.9700716275459133,0.9700500868854136,0.3700240133587825,0.9703745666867264,0.970193691288744,0.9990825099746192,0.9703836913087934,0.970193691288744,0.9701577238115296,0.7586200722252254,0.9382541338411992,0.9714285714285714,0.0285714285714285
3420,1.5422,1.548696,46.4,3000,0.063497,attachment1,171,-0.006496,1.5495444444444444,1.549033111111111,46.46666666666667,0.0635103333333333,0.0005113333333333,0.9799376565008951,0.9799286303838064,0.3708070028903921,0.9801283364009544,0.9799888044977324,1.0,0.9802406905396208,0.9799888044977324,0.9799254972996748,0.76424403861117,0.9438718674949578,0.9771428571428572,0.0228571428571429
3440,1.5626,1.56318,46.6,3000,0.06409,attachment1,172,-0.00058,1.554875,1.55619175,46.5125,0.063803875,-0.0013167499999999,0.9836453615425576,0.9835882684095624,0.4785015247362373,0.984697747693888,0.9839688892961974,0.9872142020373912,0.9851466739312826,0.9839688892961974,0.9836847841047698,0.8036885070269992,0.9479803288647,0.9828571428571428,0.0171428571428571
3460,1.5805,1.577766,46.7,3000,0.064688,attachment1,173,0.002734,1.5621571428571428,1.5633837142857143,46.57142857142857,0.0640987142857142,-0.0012265714285715,0.9886453808999764,0.9885877486009302,0.4596727198594462,0.989675690550676,0.9889719639279052,0.9660765149934142,0.990074344525203,0.9889719639279052,0.9887094031998988,0.7977903667280816,0.9511752335115276,0.9885714285714284,0.0114285714285714
3480,1.5947,1.592454,46.8,3000,0.065291,attachment1,174,0.0022459999999999,1.5701833333333333,1.5706091666666666,46.63333333333333,0.064395,-0.0004258333333333,0.994132068231406,0.9940980470233928,0.3396970267447554,0.9947589909722958,0.994324855076814,0.9357655211516108,0.9950261893858616,0.994324855076814,0.9941556984366912,0.7550574003138257,0.954672887260794,0.9942857142857144,0.0057142857142856
3500,1.6139,1.607245,47.0,3000,0.065897,attachment1,175,0.0066549999999998,1.57878,1.5778682,46.7,0.0646925999999999,0.0009117999999999,1.0,1.0,0.3973383378537246,1.0,1.0,0.9035887322060956,1.0,1.0,1.0,0.7758112172240391,0.9579187419393044,1.0,0.0
