day,current,current_theoretical,temperature,speed_rpm,friction_torque,I_obs,I_theo,T,delta_I,F,current_s,current_theoretical_s,temperature_s,norm_current,norm_temperature,norm_F,norm_abs_delta,HI1,HI2_like
0,0.1137,0.109702,35.0,3000,0.004498,0.1137,0.109702,35.0,0.0039980000000000016,0.004498,0.1222,0.11851439999999999,35.08,0.0,0.0,0.0,0.18489742309044196,0.0,0.018489742309044196
20,0.113,0.114077,35.0,3000,0.004677,0.113,0.114077,35.0,-0.0010769999999999946,0.004677,0.1235,0.1207435,35.083333333333336,0.0008925016133682982,0.00028686173264521567,0.0029153569276372496,0.04980853543481864,0.0014793729972178145,0.005632695025332562
40,0.1237,0.118483,35.1,3000,0.004858,0.1237,0.118483,35.1,0.005216999999999999,0.004858,0.12715714285714286,0.122983,35.114285714285714,0.00340327538284396,0.0029505778214901526,0.005863287675695046,0.2412731006160168,0.004173740173071079,0.027077083515822793
60,0.1351,0.122921,35.2,3000,0.00504,0.1351,0.122921,35.2,0.012178999999999995,0.00504,0.12965,0.125233125,35.1375,0.005114720784302946,0.004948364888124314,0.008827505333963094,0.5632480529811132,0.006380924197448272,0.060886465029939316
80,0.1255,0.127389,35.1,3000,0.005223,0.1255,0.127389,35.1,-0.0018890000000000018,0.005223,0.131,0.12749377777777776,35.144444444444446,0.0060415493828008095,0.00554599349780098,0.011808009902441408,0.0873614887988607,0.007960699387675053,0.014049654353156842
100,0.13,0.131889,35.1,3000,0.005407,0.13,0.131889,35.1,-0.0018890000000000018,0.005407,0.13553333333333337,0.13199422222222223,35.17777777777778,0.009153862701213367,0.008414610824249467,0.014804801381129988,0.0873614887988607,0.010983840863791405,0.016789812341737126
120,0.1491,0.13642,35.3,3000,0.005593,0.1491,0.13642,35.3,0.012679999999999997,0.005593,0.13977777777777778,0.13652644444444445,35.21111111111111,0.012067842327766259,0.011283228150697955,0.017834166680239086,0.586418040216809,0.013929133015718088,0.06930670857240345
140,0.1471,0.140984,35.3,3000,0.00578,0.1471,0.140984,35.3,0.00611600000000001,0.00578,0.14334444444444444,0.14109044444444444,35.23333333333333,0.014516500600340827,0.01319563970166341,0.020879818889558466,0.28284958469763494,0.01647948982183152,0.04101959378540088
160,0.1418,0.145579,35.2,3000,0.005969,0.1418,0.145579,35.2,-0.003778999999999977,0.005969,0.14679999999999999,0.14568644444444445,35.25555555555555,0.01688887668373861,0.015108051252629475,0.023958044919298364,0.17476922507723253,0.019006920479962698,0.03223170516531072
180,0.1545,0.150206,35.3,3000,0.006158,0.1545,0.150206,35.3,0.004293999999999992,0.006158,0.14993333333333334,0.15031477777777777,35.27777777777777,0.019040034418523758,0.01702046280359493,0.02703627094903826,0.19858667702610205,0.021434802881218067,0.03648980577554938
200,0.1512,0.154867,35.3,3000,0.00635,0.1512,0.154867,35.3,-0.0036670000000000036,0.00635,0.15326666666666666,0.15497566666666668,35.31111111111111,0.021328500093827092,0.01988908013004403,0.030163357709408943,0.1695895073718487,0.024132816266524127,0.03579474583068348
220,0.1558,0.159559,35.3,3000,0.006542,0.1558,0.159559,35.3,-0.0037590000000000123,0.006542,0.15605555555555556,0.15966933333333333,35.333333333333336,0.02324318304216422,0.021801491681010095,0.033290444469779634,0.17384427548698683,0.026471386269598787,0.037942869446357955
240,0.1662,0.164285,35.4,3000,0.006736,0.1662,0.164285,35.4,0.001915,0.006736,0.1592,0.1643958888888889,35.355555555555554,0.02540196899586704,0.02371390323197555,0.03645010505057085,0.08856392326618215,0.028931203462235076,0.03129614798192568
260,0.1537,0.169044,35.3,3000,0.006931,0.1537,0.169044,35.3,-0.015343999999999997,0.006931,0.16465555555555556,0.16915566666666668,35.4,0.029147424484446828,0.02753872633390707,0.03962605254157233,0.7096213256377538,0.0324932046743328,0.09679264006214258
280,0.16,0.173837,35.4,3000,0.007127,0.16,0.173837,35.4,-0.013836999999999988,0.007127,0.16816666666666666,0.17394888888888888,35.43333333333333,0.031557941662433,0.03040734366035556,0.04281828694278408,0.6399263740126169,0.03526894291014039,0.09210713539693204
300,0.1742,0.178663,35.5,3000,0.007325,0.1742,0.178663,35.5,-0.004462999999999995,0.007325,0.17214444444444443,0.17877566666666667,35.46666666666667,0.03428884403496165,0.03327596098680466,0.046043095164416355,0.20640250106369215,0.0382002553206394,0.05124698897579545
320,0.1754,0.183523,35.5,3000,0.007524,0.1754,0.183523,35.5,-0.008122999999999991,0.007524,0.1787222222222222,0.18363644444444444,35.52222222222222,0.03880474963422689,0.0380569898642186,0.0492841902962589,0.3756682760789539,0.042323001911936435,0.07230416233619753
340,0.1909,0.188417,35.6,3000,0.007725,0.1909,0.188417,35.6,0.0024829999999999852,0.007725,0.1832,0.1885313333333333,35.55555555555556,0.04187892185805106,0.0409256071906677,0.052557859248521965,0.11483249162920572,0.0454258870112392,0.04893595016832069
360,0.1861,0.193345,35.6,3000,0.007927,0.1861,0.193345,35.6,-0.0072450000000000014,0.007927,0.18988888888888888,0.19346066666666664,35.611111111111114,0.046471109646493085,0.04570663606808225,0.05584781511099529,0.3350629890670965,0.04960006184338669,0.07513917919395072
380,0.187,0.198308,35.6,3000,0.008131,0.187,0.198308,35.6,-0.011308000000000012,0.008131,0.19512222222222222,0.19842455555555555,35.64444444444444,0.050064000756719323,0.04857525339453013,0.05917034479388914,0.5229664983258427,0.05295347169729092,0.09698206367308437
400,0.215,0.203306,35.8,3000,0.008336,0.215,0.203306,35.8,0.01169400000000001,0.008336,0.20013333333333333,0.20342333333333334,35.67777777777778,0.053504327488592004,0.05144387072097923,0.06250916138699326,0.5408180254176161,0.05624392799950989,0.10172058308959123
420,0.2065,0.208339,35.7,3000,0.008542,0.2065,0.208339,35.7,-0.0018390000000000073,0.008542,0.20616666666666666,0.2084572222222222,35.72222222222222,0.05764645036089104,0.05526869382291075,0.06586426489030765,0.08504911482324262,0.060047134138590794,0.05979227767263112
440,0.2139,0.213408,35.8,3000,0.00875,0.2139,0.213408,35.8,0.0004920000000000202,0.00875,0.20993333333333333,0.21352644444444444,35.75555555555556,0.060232416573983816,0.05813731114935985,0.06925194221404259,0.02275375992008533,0.06297022946307959,0.05596077455243798
460,0.2071,0.218512,35.7,3000,0.008959,0.2071,0.218512,35.7,-0.011412000000000005,0.008959,0.21617777777777777,0.21863133333333332,35.8,0.06451947560571873,0.061962134251290754,0.07265590644798775,0.5277762361951285,0.0668557581296273,0.11020581632605272
480,0.2193,0.223652,35.8,3000,0.00917,0.2193,0.223652,35.8,-0.004351999999999995,0.00917,0.22204444444444443,0.2237721111111111,35.84444444444445,0.0685471751942526,0.06578695735322289,0.07609244450235345,0.20126903083781944,0.07063597588388196,0.08112930629835186
500,0.2297,0.228828,35.9,3000,0.009382,0.2297,0.228828,35.9,0.0008719999999999839,0.009382,0.22566666666666668,0.22894899999999996,35.87777777777778,0.07103397456141557,0.06865557467967137,0.07954526946692943,0.04032780213478298,0.07353724780199658,0.06736875734831627
520,0.2248,0.23404,35.9,3000,0.009596,0.2248,0.23404,35.9,-0.009239999999999998,0.009596,0.23054444444444444,0.23416222222222224,35.922222222222224,0.07438276266627611,0.0724803977816029,0.08303066825192594,0.4273267106942678,0.07702905664431892,0.10920156624790699
540,0.2423,0.239289,36.0,3000,0.009811,0.2423,0.239289,36.0,0.003010999999999986,0.009811,0.23738888888888887,0.2394121111111111,35.97777777777778,0.07908174551956562,0.07726142665901745,0.0865323539471327,0.13925116081173536,0.08132539469710447,0.08464360733364555
560,0.2398,0.244575,36.0,3000,0.010028,0.2398,0.244575,36.0,-0.004774999999999974,0.010028,0.2439333333333333,0.24469877777777777,36.03333333333333,0.08357476646207783,0.08204245553643139,0.09006661346275999,0.22083171467154955,0.0855404507271873,0.09691738355161339
580,0.2476,0.249898,36.1,3000,0.010246,0.2476,0.249898,36.1,-0.0022980000000000222,0.010246,0.24880000000000002,0.25002266666666667,36.07777777777778,0.08691592634802073,0.08586727863836352,0.09361715988859753,0.10627670791941961,0.08905162854529117,0.08858984257774632
600,0.2504,0.255258,36.1,3000,0.010466,0.2504,0.255258,36.1,-0.0048579999999999735,0.010466,0.25479999999999997,0.2553838888888889,36.13333333333333,0.09103516456356671,0.09064830751577746,0.09720028013485561,0.224670255471076,0.09311558360395998,0.10430195939237032
620,0.2755,0.260657,36.3,3000,0.010687,0.2755,0.260657,36.3,0.014842999999999995,0.010687,0.2601444444444445,0.2607828888888889,36.17777777777778,0.09470433786296979,0.09447313061770898,0.10079968729132398,0.6864513384020581,0.0967914687138416,0.15382123610556342
640,0.266,0.266092,36.2,3000,0.01091,0.266,0.266092,36.2,-9.199999999998099e-05,0.01091,0.26543333333333335,0.2662197777777778,36.22222222222222,0.09833537006778438,0.09829795371964051,0.10443166826821283,0.004254768115136853,0.10046159116830555,0.08891795578548366
660,0.2631,0.271567,36.2,3000,0.011134,0.2631,0.271567,36.2,-0.008467000000000002,0.011134,0.26970000000000005,0.2716947777777778,36.25555555555556,0.10126460613217267,0.1011665710460896,0.10807993615531197,0.3915774090312086,0.10363036462305482,0.1302713776505555
680,0.2837,0.277079,36.4,3000,0.01136,0.2837,0.277079,36.4,0.006620999999999988,0.01136,0.27428888888888886,0.2772083333333334,36.288888888888884,0.10441506054517355,0.10403518837253749,0.11176077786283165,0.30620456185137906,0.10691008717182668,0.12449904263263509
700,0.2729,0.282631,36.3,3000,0.011588,0.2729,0.282631,36.3,-0.009731000000000045,0.011588,0.28055555555555556,0.28276066666666666,36.333333333333336,0.10871737601474384,0.10786001147446961,0.11547419339077183,0.45003422313484204,0.11091078918829879,0.1426347195916851
720,0.2899,0.288221,36.4,3000,0.011817,0.2899,0.288221,36.4,0.001678999999999986,0.011817,0.28515555555555555,0.2883518888888889,36.36666666666667,0.11187545864666244,0.1107286288009181,0.1192038958289223,0.07764951810126297,0.11421104569130452,0.1081661571306864
740,0.2782,0.29385,36.3,3000,0.012048,0.2782,0.29385,36.3,-0.015649999999999997,0.012048,0.29094444444444445,0.29398244444444444,36.41111111111111,0.11584976070277257,0.11455345190284963,0.12296617208749328,0.723773054368538,0.11808124292744024,0.17631801286936838
760,0.2889,0.29952,36.4,3000,0.01228,0.2889,0.29952,36.4,-0.010620000000000018,0.01228,0.29745555555555553,0.29965244444444444,36.46666666666667,0.12031989698853174,0.11933448078026418,0.12674473525627453,0.4911482324213347,0.1223715071405882,0.15715637647974515
780,0.3068,0.305229,36.5,3000,0.012514,0.3068,0.305229,36.5,0.0015710000000000446,0.012514,0.30216666666666664,0.3053623333333333,36.5,0.12355426180962711,0.12220309810671266,0.13055587224547632,0.07265479031393007,0.12573459272159146,0.11812652373432879
800,0.3169,0.310978,36.6,3000,0.01275,0.3169,0.310978,36.6,0.005922000000000038,0.01275,0.30768888888888885,0.31111222222222223,36.544444444444444,0.12734548661171297,0.12602792120864417,0.1343995830550986,0.2738775736722371,0.12955090728628418,0.14166930396699817
820,0.3181,0.316767,36.6,3000,0.012987,0.3181,0.316767,36.6,0.001332999999999973,0.012987,0.3126555555555555,0.3169025555555556,36.58888888888889,0.13075530046791495,0.1298527443105757,0.1382595807749312,0.061647890189983505,0.1332012873439028,0.123618920400787
840,0.3217,0.322597,36.7,3000,0.013226,0.3217,0.322597,36.7,-0.0008970000000000367,0.013226,0.3198111111111111,0.3227336666666667,36.644444444444446,0.13566787345089945,0.13463377318799025,0.1421521523151843,0.041483989122594586,0.1377305510008173,0.12599095995234166
860,0.3261,0.328468,36.7,3000,0.013467,0.3261,0.328468,36.7,-0.0023679999999999812,0.013467,0.32780000000000004,0.32860566666666663,36.711111111111116,0.14115256285270983,0.14037100784088785,0.14607729767585792,0.10951403148528337,0.14271990903844728,0.13779332096301167
880,0.3226,0.33438,36.7,3000,0.01371,0.3226,0.33438,36.7,-0.011780000000000013,0.01371,0.33384444444444444,0.3345188888888889,36.76666666666667,0.1453023139439265,0.1451520367183024,0.15003501685695209,0.5447953086556798,0.14692870451836065,0.18521404410869582
900,0.3346,0.340334,36.8,3000,0.013954,0.3346,0.340334,36.8,-0.005734000000000017,0.013954,0.3375777777777778,0.3404736666666667,36.8,0.14786539550026626,0.1480206540447503,0.1540090229482565,0.2651830475239112,0.15004671681595966,0.15963597533875176
920,0.3426,0.34633,36.8,3000,0.0142,0.3426,0.34633,36.8,-0.003730000000000011,0.0142,0.3437111111111111,0.3464703333333333,36.85555555555556,0.15207617234282436,0.15280168292216545,0.15801560285998145,0.17250309858112814,0.15430007513969757,0.15430024261149003
940,0.3608,0.352368,37.0,3000,0.014447,0.3608,0.352368,37.0,0.008431999999999995,0.014447,0.3495111111111111,0.35250911111111116,36.9,0.1560581026178522,0.15662650602409636,0.16203846968191665,0.3899587472482754,0.15826491177152358,0.17959026793245556
960,0.3612,0.358448,37.0,3000,0.014696,0.3612,0.358448,37.0,0.002752000000000032,0.014696,0.3552555555555556,0.35859033333333334,36.94444444444444,0.16000189179829163,0.16045132912602786,0.1660939103242724,0.12727306361803453,0.16222398574793215,0.15684136831219997
980,0.3505,0.364571,36.9,3000,0.014947,0.3505,0.364571,36.9,-0.014071,0.014947,0.36323333333333335,0.36471433333333336,37.0,0.16547895298118429,0.16523235800344244,0.17018192478704866,0.6507482842185112,0.16707567411768845,0.21394423736048152
1000,0.3733,0.370737,37.1,3000,0.0152,0.3733,0.370737,37.1,0.0025630000000000375,0.0152,0.3709555555555556,0.37088133333333334,37.05555555555556,0.17078056512897036,0.170013386880857,0.17430251307024544,0.11853228999019746,0.17185981125879396,0.16536394305306473
1020,0.3739,0.376946,37.1,3000,0.015455,0.3739,0.376946,37.1,-0.003045999999999993,0.015455,0.37841111111111114,0.37709155555555557,37.12222222222222,0.17589910002273215,0.17575062153375395,0.17845567517386277,0.14086982259466851,0.1767642056278322,0.17235905265768126
1040,0.3778,0.383199,37.1,3000,0.015711,0.3778,0.383199,37.1,-0.005398999999999987,0.015711,0.3829777777777778,0.38334533333333337,37.15555555555555,0.1790342979978977,0.17861923886020245,0.18262512418769036,0.249690141887267,0.18020807533678607,0.1859961176024108
1060,0.3944,0.389496,37.2,3000,0.015969,0.3944,0.389496,37.2,0.004903999999999964,0.015969,0.38870000000000005,0.3896431111111111,37.199999999999996,0.1829628307405018,0.18244406196213395,0.18682714702193848,0.2267976395286444,0.18421158768333107,0.1872166194247241
1080,0.4041,0.395837,37.3,3000,0.016229,0.4041,0.395837,37.3,0.00826300000000002,0.016229,0.3969,0.3959851111111111,37.266666666666666,0.18859245630174792,0.18818129661503155,0.19106174367660714,0.3821429232106866,0.18937447494560536,0.2078447130709627
1100,0.4097,0.402222,37.4,3000,0.016491,0.4097,0.402222,37.4,0.007477999999999985,0.016491,0.4038666666666667,0.4023716666666667,37.32222222222222,0.193375349563132,0.1929623254924461,0.19532891415169626,0.3458386517934771,0.1939764923549923,0.20851842376849503
1120,0.4019,0.408652,37.3,3000,0.016755,0.4019,0.408652,37.3,-0.006752000000000036,0.016755,0.4102111111111111,0.40880311111111106,37.36666666666667,0.19773106256512596,0.19678714859437763,0.19962865844720598,0.3122629816675013,0.1982064383297043,0.2089482759826764
1140,0.4127,0.415128,37.4,3000,0.01702,0.4127,0.415128,37.4,-0.0024279999999999857,0.01702,0.4171222222222222,0.41527966666666666,37.422222222222224,0.20247581473192153,0.20156817747179218,0.20394468965292595,0.11228888025602558,0.20280839350224722,0.19323021196929963
1160,0.4243,0.421649,37.5,3000,0.017288,0.4243,0.421649,37.5,0.0026510000000000145,0.017288,0.4221111111111111,0.42180177777777783,37.46666666666667,0.20590088502595888,0.2053930005737237,0.20830958158927673,0.12260206818728467,0.2066423519326731,0.19744403222903267
1180,0.436,0.428216,37.6,3000,0.017557,0.436,0.428216,37.6,0.007784000000000013,0.017557,0.4267,0.42836966666666665,37.51111111111111,0.2090513394389598,0.20921782367565522,0.21269076043583773,0.35999038052426263,0.21035843363520618,0.22418686460666395
1200,0.431,0.434829,37.5,3000,0.017828,0.431,0.434829,37.5,-0.003829000000000027,0.017828,0.43320000000000003,0.4349837777777778,37.55555555555556,0.21351384750580132,0.21304264677758675,0.21710451310281928,0.17708159905285317,0.2146763403191147,0.20975282247845287
1220,0.44,0.441488,37.6,3000,0.018101,0.44,0.441488,37.6,-0.0014879999999999893,0.018101,0.44181111111111115,0.4416443333333333,37.62222222222223,0.21942571716700163,0.21877988143048432,0.22155083959022134,0.06881624951440109,0.2200403428678251,0.20420331146761225
1240,0.4393,0.448195,37.6,3000,0.018376,0.4393,0.448195,37.6,-0.008894999999999986,0.018376,0.44872222222222224,0.4483516666666667,37.67777777777778,0.2241704693337972,0.22356091030789826,0.22602973989804395,0.4113713302625008,0.2246993022261038,0.24273816567019282
1260,0.4454,0.454948,37.7,3000,0.018653,0.4454,0.454948,37.7,-0.009548000000000001,0.018653,0.4560777777777778,0.4551061111111111,37.733333333333334,0.2292203502572999,0.22834193918531281,0.23054121402628708,0.44157093438407685,0.229506970362048,0.2502358059019808
1280,0.4682,0.461749,37.8,3000,0.018932,0.4682,0.461749,37.8,0.0064509999999999845,0.018932,0.4623333333333334,0.461908,37.77777777777778,0.2335150375079525,0.23216676228724434,0.23508526197495075,0.29834249033427657,0.23379496102726025,0.23966071398540786
1300,0.4794,0.468597,37.9,3000,0.019212,0.4794,0.468597,37.9,0.010803000000000007,0.019212,0.46903333333333336,0.46875766666666663,37.833333333333336,0.23811485351531217,0.2369477911646589,0.23964559683382466,0.4996115211720973,0.23841720120666088,0.26397275469332737
1320,0.4749,0.475494,37.9,3000,0.019495,0.4749,0.475494,37.9,-0.0005940000000000389,0.019495,0.4764222222222222,0.4756554444444444,37.888888888888886,0.24318761909556788,0.24172882004207283,0.24425479242332937,0.027471002830347594,0.2432693699495854,0.2212512577056721
1340,0.4905,0.482439,38.0,3000,0.01978,0.4905,0.482439,38.0,0.008060999999999985,0.01978,0.4857222222222222,0.4826016666666667,37.96666666666667,0.2495724383296642,0.24842226047045346,0.24889656183325462,0.37280093234918693,0.2491058459840787,0.2616077432668138
1360,0.4923,0.489433,38.0,3000,0.020067,0.4923,0.489433,38.0,0.0028670000000000084,0.020067,0.49374444444444443,0.4895966666666667,38.022222222222226,0.2550800123882276,0.253203289347868,0.2535709050636004,0.1325915237619556,0.25417648021653616,0.24236198276551052
1380,0.4913,0.496476,38.0,3000,0.020356,0.4913,0.496476,38.0,-0.005175999999999958,0.020356,0.5014666666666666,0.49664077777777776,38.08888888888889,0.2603816245360136,0.258940524000765,0.2582778221143667,0.2393769539560079,0.2593570735813875,0.2579208823442009
1400,0.5065,0.503568,38.1,3000,0.020646,0.5065,0.503568,38.1,0.0029319999999999347,0.020646,0.5050333333333332,0.5037344444444445,38.12222222222222,0.2628302828085881,0.26180914132721345,0.2630010260753433,0.13559760993025602,0.26268581465567753,0.24985173015041126
1420,0.523,0.510711,38.3,3000,0.020939,0.523,0.510711,38.3,0.012288999999999994,0.020939,0.5129777777777778,0.5108778888888889,38.18888888888889,0.26828445933472783,0.26754637598011105,0.2677730907669506,0.5683352757274736,0.26795786366508245,0.29810502013534823
1440,0.5176,0.517903,38.2,3000,0.021234,0.5176,0.517903,38.2,-0.0003030000000000532,0.021234,0.5193555555555556,0.5180715555555556,38.24444444444444,0.2726630569934749,0.272327404857525,0.2725777292789785,0.014012986292249558,0.2725660618662112,0.2467141368893649
1460,0.5377,0.525146,38.4,3000,0.021531,0.5377,0.525146,38.4,0.012553999999999954,0.021531,0.5260111111111111,0.5253156666666666,38.3,0.2772323601251639,0.27710843373493954,0.27741494161142694,0.5805908577982488,0.2772714783673111,0.3075372282949163
1480,0.5115,0.53244,38.2,3000,0.02183,0.5115,0.53244,38.2,-0.02094000000000007,0.02183,0.5339666666666667,0.5326106666666667,38.36666666666667,0.2826941648702212,0.28284566838783715,0.28228472776429586,0.968422220988961,0.28258116258667054,0.35130484636149917
1500,0.5464,0.539785,38.5,3000,0.022131,0.5464,0.539785,38.5,0.0066150000000000375,0.022131,0.5392222222222222,0.539957,38.41111111111111,0.28630231241828275,0.28667049148976864,0.2871870877375854,0.30592707697430715,0.2866856195943358,0.2883568336417567
1520,0.5479,0.547182,38.5,3000,0.022434,0.5479,0.547182,38.5,0.0007180000000001074,0.022434,0.5450555555555555,0.5473548888888888,38.455555555555556,0.2903071273500636,0.2904953145917002,0.29212202153129535,0.03320569028988423,0.29097997776182205,0.2646440304544548
1540,0.5522,0.55463,38.5,3000,0.02274,0.5522,0.55463,38.5,-0.002429999999999932,0.02274,0.5528555555555557,0.5548047777777778,38.52222222222222,0.2956621370302735,0.29623254924459713,0.29710581605563613,0.11238137521504783,0.2962815071320152,0.27747666390233183
1560,0.5629,0.562131,38.6,3000,0.023047,0.5629,0.562131,38.6,0.0007689999999999086,0.023047,0.5602777777777779,0.562307,38.577777777777776,0.30075778726728225,0.3010135781220117,0.30210589749018724,0.03556431174500573,0.30128078401624486,0.2743023874287369
1580,0.5538,0.569685,38.5,3000,0.023357,0.5538,0.569685,38.5,-0.015885000000000038,0.023357,0.5697000000000001,0.5698618888888888,38.65555555555556,0.307226516909473,0.30770701855039234,0.307154839655369,0.7346412120539461,0.30729753019872047,0.3500881118341501
1600,0.5755,0.577292,38.7,3000,0.023669,0.5755,0.577292,38.7,-0.0017920000000000158,0.023669,0.5758555555555556,0.577469888888889,38.7,0.31145255018986645,0.31153184165232384,0.3122363556409714,0.08287548328616177,0.31174274039024463,0.2886146663651103
1620,0.5878,0.584952,38.8,3000,0.023983,0.5878,0.584952,38.8,0.0028479999999999617,0.023983,0.5829888888888889,0.5851313333333334,38.75555555555556,0.3163498667350156,0.3163128705297384,0.3173504454469943,0.13171282165121848,0.3166926700431527,0.2978769131753166
1640,0.6045,0.592666,38.9,3000,0.024299,0.6045,0.592666,38.9,0.011834000000000011,0.024299,0.5917888888888889,0.5928466666666667,38.82222222222222,0.3223914161178164,0.3220501051826354,0.3224971090734377,0.5472926725493475,0.3223601464652477,0.3447962140271743
1660,0.5963,0.600434,38.9,3000,0.024618,0.5963,0.600434,38.9,-0.004133999999999971,0.024618,0.5997666666666667,0.6006161111111111,38.888888888888886,0.32786847730070906,0.3277873398355324,0.3276926334305119,0.1911870803041224,0.3277907044531047,0.3141800532347563
1680,0.6018,0.608257,38.9,3000,0.024939,0.6018,0.608257,38.9,-0.006457000000000046,0.024939,0.6088888888888889,0.6084401111111111,38.96666666666667,0.33413124503212255,0.334480780263913,0.33292073160800667,0.29861997521135364,0.3337774723800401,0.3306675018579933
1700,0.6121,0.616135,39.0,3000,0.025262,0.6121,0.616135,39.0,-0.004035000000000011,0.025262,0.6174222222222222,0.6163191111111112,39.03333333333333,0.33998971716089904,0.34021801491681,0.3381814036059219,0.18660857983239995,0.33940246696783927,0.3247086778670269
1720,0.6314,0.624068,39.1,3000,0.025587,0.6314,0.624068,39.1,0.007332000000000005,0.025587,0.6251222222222222,0.6242534444444444,39.08888888888889,0.34527607287084977,0.3449990437942245,0.3434746494242577,0.3390865197846726,0.3445901688492175,0.34458786029307575
1740,0.6347,0.632056,39.2,3000,0.025914,0.6347,0.632056,39.2,0.0026440000000000907,0.025914,0.6326555555555555,0.6322435555555556,39.15555555555556,0.3504480052970353,0.3507362784471221,0.34880046906301404,0.12227833583070163,0.3499290222451452,0.3277031066379236
1760,0.6359,0.640101,39.2,3000,0.026244,0.6359,0.640101,39.2,-0.00420100000000001,0.026244,0.6405333333333333,0.6402897777777778,39.21111111111111,0.3558564125096688,0.355517307324536,0.35417514943240125,0.1942856614314528,0.35520014939559863,0.339614561105564
1780,0.6523,0.648203,39.3,3000,0.026576,0.6523,0.648203,39.3,0.004097000000000017,0.026576,0.6490666666666667,0.6483924444444445,39.27777777777778,0.36171488463844537,0.3612545419774336,0.3595824036222089,0.189475923562167,0.36087644775056027,0.3443759028655646
1800,0.6571,0.656361,39.3,3000,0.026911,0.6571,0.656361,39.3,0.0007390000000000452,0.026911,0.6573222222222221,0.656552,39.34444444444445,0.36738265129427994,0.3669917766303312,0.36503851854264735,0.03417688735964105,0.3664840298984188,0.33396435623482884
1820,0.6723,0.664577,39.5,3000,0.027248,0.6723,0.664577,39.5,0.007723000000000035,0.027248,0.6634222222222221,0.6647688888888889,39.4,0.371570543480085,0.37177280550774516,0.37052720728350624,0.3571692842740093,0.3712458282168145,0.37018098306639247
1840,0.6672,0.67285,39.4,3000,0.027587,0.6672,0.67285,39.4,-0.005649999999999933,0.027587,0.6716666666666666,0.6730435555555556,39.46666666666667,0.377230681917002,0.3775100401606427,0.37604846984478574,0.2612982592448685,0.37687277934045443,0.36570727921069884
1860,0.6786,0.681181,39.5,3000,0.027928,0.6786,0.681181,39.5,-0.0025810000000000555,0.027928,0.6807,0.6813763333333333,39.53333333333333,0.38343242389707405,0.3832472748135397,0.3816023062264858,0.11936474462142091,0.3827548528956613,0.3569793686986251
1880,0.6864,0.689571,39.6,3000,0.028272,0.6864,0.689571,39.6,-0.003171000000000035,0.028272,0.6886444444444444,0.6897676666666666,39.599999999999994,0.38888660042321366,0.3889845094664367,0.3872050033388166,0.14665075753371629,0.3883176232523193,0.3646874933950697
1900,0.6863,0.69802,39.6,3000,0.028619,0.6863,0.69802,39.6,-0.011719999999999953,0.028619,0.6968,0.6982178888888888,39.666666666666664,0.39448571310878916,0.39472174411933425,0.3928565611817782,0.542020459884935,0.39396271613644435,0.40929819553904
1920,0.7089,0.706528,39.8,3000,0.028968,0.7089,0.706528,39.8,0.0023719999999999297,0.028968,0.7031888888888889,0.7067274444444445,39.71111111111111,0.3988719389864539,0.3985465672212658,0.39854069284516036,0.10969902140333046,0.3986909284839635,0.36987330428684456
1940,0.7172,0.715096,39.8,3000,0.029319,0.7172,0.715096,39.8,0.0021039999999999948,0.029319,0.7120111111111112,0.7152968888888889,39.78888888888889,0.40492874480709007,0.4052400076496464,0.40425739832896307,0.0973046968940192,0.4047560261082569,0.3742441557264221
1960,0.7238,0.723725,39.9,3000,0.029673,0.7238,0.723725,39.9,7.500000000004725e-05,0.029673,0.7206222222222222,0.7239265555555555,39.855555555555554,0.4108406144682903,0.4109772423025434,0.41002296454339654,0.0034685609634296844,0.4105817625614281,0.3701375660763675
1980,0.7305,0.732413,39.9,3000,0.030029,0.7305,0.732413,39.9,-0.0019129999999999425,0.030029,0.7289555555555556,0.7326167777777778,39.92222222222222,0.4165617786565487,0.41671447695544034,0.41582110457825044,0.08847142830715475,0.41633308238892264,0.3837909181963322
2000,0.7298,0.741163,39.9,3000,0.030388,0.7298,0.741163,39.9,-0.011363000000000012,0.030388,0.7388666666666667,0.7413681111111111,40.0,0.42336614993111726,0.423407917383821,0.4216681053437352,0.5255101096990229,0.4227801878160743,0.43359098777108374
2020,0.7466,0.749975,40.1,3000,0.030749,0.7466,0.749975,40.1,-0.003374999999999906,0.030749,0.7477777777777779,0.7501808888888889,40.06666666666667,0.4294839815030949,0.42914515203671855,0.42754767992964055,0.1560852433542331,0.4287385100591106,0.40205940032161464
2040,0.7561,0.758848,40.1,3000,0.031113,0.7561,0.758848,40.1,-0.0027479999999999727,0.031113,0.7581000000000001,0.7590555555555555,40.15555555555555,0.43657059687761757,0.436794798240581,0.4334761152461767,0.12708807369998232,0.43553236857920596,0.4056783949005949
2060,0.7614,0.767783,40.2,3000,0.031479,0.7614,0.767783,40.2,-0.0063830000000000275,0.031479,0.7671888888888889,0.7679925555555556,40.22222222222222,0.44281047995227796,0.4425320328934786,0.43943712438313326,0.2951976617274376,0.44157411609131747,0.4279795863650941
2080,0.7755,0.776782,40.3,3000,0.031848,0.7755,0.776782,40.3,-0.0012820000000000054,0.031848,0.7766333333333333,0.7769923333333334,40.300000000000004,0.44929446603230405,0.4492254733218592,0.4454469942507207,0.0592892687348543,0.44793405236666095,0.4102766981249479
2100,0.7891,0.785843,40.4,3000,0.03222,0.7891,0.785843,40.4,0.0032570000000000654,0.03222,0.786888888888889,0.7860553333333333,40.388888888888886,0.45633531209332073,0.45687511952572163,0.45150572484893886,0.1506280407717812,0.4547529180442673,0.42589953681926707
2120,0.8101,0.794968,40.6,3000,0.032594,0.8101,0.794968,40.6,0.015132000000000034,0.032594,0.794688888888889,0.7951818888888889,40.44444444444444,0.46169032177353053,0.4616561484031362,0.4575970292675776,0.6998168599811339,0.46025083472236816,0.4854944322516923
2140,0.8056,0.804158,40.5,3000,0.03297,0.8056,0.804158,40.5,0.0014419999999999433,0.03297,0.8041666666666667,0.8043726666666667,40.52222222222222,0.46819719251030967,0.4683495888315162,0.4637209075066369,0.0666888654568301,0.4666609720232655,0.4280844588852633
2160,0.8155,0.813411,40.6,3000,0.03335,0.8155,0.813411,40.6,0.0020890000000000075,0.03335,0.8141888888888889,0.813628,40.6,0.47507784597405495,0.47504302925989683,0.4699099333865372,0.0966109847013343,0.4732621132255921,0.43722245566824336
2180,0.8221,0.82273,40.7,3000,0.033732,0.8221,0.82273,40.7,-0.0006299999999999084,0.033732,0.8258444444444444,0.8229483333333333,40.68888888888889,0.48307984761869893,0.4826926754637599,0.47613153308685807,0.029135912092786757,0.4805705031015668,0.437588661027373
2200,0.8168,0.832114,40.6,3000,0.034117,0.8168,0.832114,40.6,-0.01531400000000005,0.034117,0.8347,0.8323341111111111,40.75555555555555,0.4891595380960882,0.4884299101166568,0.48240199351780977,0.7082339012523853,0.48664847189780447,0.5108845674168601
2220,0.8414,0.841565,40.8,3000,0.034504,0.8414,0.841565,40.8,-0.00016499999999997073,0.034504,0.8427333333333333,0.841785888888889,40.82222222222222,0.49467474037356923,0.4941671447695544,0.4887050277691819,0.007630834119539145,0.49248382184123074,0.44584345084716254
2240,0.8516,0.851081,40.9,3000,0.034894,0.8516,0.851081,40.9,0.0005190000000000472,0.034894,0.8520555555555556,0.851304,40.900000000000006,0.5010748160455009,0.5008605851979351,0.4950569227511849,0.024002441866920476,0.49892570722297713,0.4533140209157514
2260,0.8804,0.860665,41.1,3000,0.035287,0.8804,0.860665,41.1,0.019734999999999947,0.035287,0.8603666666666667,0.8608889999999999,40.96666666666667,0.5067807237959239,0.506597819850832,0.5014576784638186,0.9126940081765534,0.5048810771406687,0.5473263262477138
2280,0.8688,0.870315,41.0,3000,0.035683,0.8688,0.870315,41.0,-0.001514999999999933,0.035683,0.8711,0.8705413333333333,41.044444444444444,0.5141495832704006,0.513291260279212,0.5079072949070832,0.07006493146123238,0.5117931177450018,0.4695265373416866
2300,0.8824,0.880034,41.2,3000,0.036081,0.8824,0.880034,41.2,0.0023659999999999792,0.036081,0.8831888888888888,0.8802615555555555,41.14444444444444,0.522449085452834,0.5218971122585575,0.5143894851707683,0.10942153652625855,0.5195178307152557,0.4810083372616073
2320,0.8895,0.889821,41.2,3000,0.036483,0.8895,0.889821,41.2,-0.0003210000000000157,0.036483,0.8937,0.8900498888888888,41.233333333333334,0.5296653805489573,0.5295467584624212,0.5209368230752944,0.014845440923470423,0.526586661015868,0.4781537310647746
2340,0.8903,0.899676,41.2,3000,0.036887,0.8903,0.899676,41.2,-0.009376000000000051,0.036887,0.9026888888888889,0.8999071111111111,41.31111111111111,0.5358366096533586,0.5362401988908011,0.5275167348002411,0.4336163679079521,0.533005371302256,0.5257154827881786
2360,0.9187,0.909601,41.4,3000,0.037294,0.9187,0.909601,41.4,0.009098999999999968,0.037294,0.9116666666666666,0.9098334444444445,41.388888888888886,0.5420002105388422,0.5429336393191811,0.5341455072558186,0.42080581608302275,0.5394377501458517,0.530114128288345
2380,0.9256,0.919596,41.5,3000,0.037703,0.9256,0.919596,41.5,0.006004000000000009,0.037703,0.9205888888888888,0.9198296666666668,41.46666666666667,0.5481256703297375,0.5496270797475618,0.5408068535318165,0.2776698669922498,0.54586436633403,0.5214554423504448
2400,0.936,0.92966,41.6,3000,0.038116,0.936,0.92966,41.6,0.006340000000000012,0.038116,0.930911111111111,0.929896,41.544444444444444,0.5552122857042601,0.5563205201759418,0.5475333474486554,0.29320902010840516,0.5527463042091347,0.529289017762595
2420,0.9325,0.939796,41.6,3000,0.038532,0.9325,0.939796,41.6,-0.007295999999999969,0.038532,0.9430333333333333,0.9400330000000001,41.644444444444446,0.5635346725434466,0.5649263721552878,0.5543087020961253,0.3374216105222257,0.5605839228092524,0.5412712912442849
2440,0.9612,0.950002,41.8,3000,0.03895,0.9612,0.950002,41.8,0.011198000000000041,0.03895,0.9534,0.9502413333333334,41.733333333333334,0.57065180079364,0.5725760183591508,0.5611166305640157,0.5178792755794838,0.5676993347263737,0.565855602663602
2460,0.9491,0.960281,41.7,3000,0.039372,0.9491,0.960281,41.7,-0.011180999999999996,0.039372,0.9621666666666668,0.9605213333333332,41.81111111111111,0.5766704655196879,0.5792694587875309,0.5679897066727471,0.5170930684277714,0.5741519985768273,0.571362474127457
2480,0.9753,0.970631,41.9,3000,0.039796,0.9753,0.970631,41.9,0.004668999999999923,0.039796,0.9719444444444445,0.9708734444444445,41.888888888888886,0.5833832981672443,0.5859628992159109,0.574895356601899,0.21592948184323638,0.5809284388291068,0.5472828167970102
2500,0.9986,0.981054,42.1,3000,0.040223,0.9986,0.981054,42.1,0.01754600000000006,0.040223,0.9812222222222222,0.9812983333333334,41.955555555555556,0.5897528609635052,0.5917001338688085,0.5818498672616819,0.8114582755239882,0.5873762677489277,0.6124102206458794
2520,0.9836,0.991551,42.0,3000,0.040654,0.9836,0.991551,42.0,-0.00795099999999993,0.040654,0.9911555555555557,0.9917964444444445,42.03333333333333,0.5965724886759092,0.5983935742971885,0.5888695255623057,0.36771370960282407,0.5942406687104038,0.5741418821739205
2540,0.9976,1.002121,42.1,3000,0.041087,0.9976,1.002121,42.1,-0.004520999999999997,0.041087,1.0005444444444445,1.0023683333333335,42.111111111111114,0.6030183336613468,0.6050870147255691,0.5959217576833499,0.2090848548754095,0.6009482682818923,0.5641421560488087
2560,1.0136,1.012765,42.2,3000,0.041523,1.0136,1.012765,42.2,0.0008350000000001412,0.041523,1.0114888888888889,1.0130144444444444,42.2,0.6105321292952595,0.6127366609294321,0.603022850535025,0.03861664539283269,0.608344788056012,0.55389171381356
2580,1.0195,1.023484,42.2,3000,0.041963,1.0195,1.023484,42.2,-0.0039839999999999876,0.041963,1.0221111111111112,1.0237354444444444,42.28888888888889,0.6178247065805595,0.6203863071332952,0.6101890910275412,0.18424995837726818,0.6156645612475502,0.5751076318984144
2600,1.0219,1.034279,42.3,3000,0.042405,1.0219,1.034279,42.3,-0.012378999999999918,0.042405,1.0301444444444445,1.0345317777777778,42.355555555555554,0.6233399088580406,0.6261235417861922,0.6173879053404778,0.5724975488835831,0.621813434212524,0.6189515810926327
2620,1.0457,1.045149,42.5,3000,0.042851,1.0457,1.045149,42.5,0.0005509999999999682,0.042851,1.0432777777777777,1.0454037777777776,42.455555555555556,0.6323564636187357,0.6347293937655383,0.6246518672942556,0.025482361211312556,0.6301344409345282,0.5722622859146941
2640,1.0476,1.056096,42.5,3000,0.0433,1.0476,1.056096,42.5,-0.008495999999999837,0.0433,1.0540333333333334,1.0563522222222224,42.53333333333333,0.6397405795310478,0.6414228341939182,0.6319646899786642,0.3929185859370596,0.6373554691202876,0.6154789438373666
2660,1.0709,1.06712,42.7,3000,0.043752,1.0709,1.06712,42.7,0.0037799999999998946,0.043752,1.0646777777777778,1.0673776666666668,42.62222222222222,0.647048413254183,0.6490724803977813,0.6393263733937035,0.17481547255674107,0.6447505127317348,0.6003311359703384
2680,1.0709,1.078221,42.7,3000,0.044207,1.0709,1.078221,42.7,-0.007321000000000133,0.044207,1.0769444444444443,1.0784805555555554,42.72222222222222,0.6554699669392992,0.6576783323771274,0.6467369175393737,0.3385777975100424,0.6528550727368909,0.6243328413558306
2700,1.1018,1.089399,42.9,3000,0.044665,1.1018,1.089399,42.9,0.012400999999999884,0.044665,1.0884111111111112,1.0896613333333331,42.8111111111111,0.6633422888623429,0.6653279785809898,0.6541963224156746,0.5735149934328535,0.6605383385497383,0.6548559817490557
2720,1.0944,1.100657,42.8,3000,0.045127,1.0944,1.100657,42.8,-0.006256999999999957,0.045127,1.099811111111111,1.1009206666666667,42.9,0.6711688414718802,0.6729776247848535,0.6617208749328165,0.28937047930887616,0.6682238098458025,0.6334412010838231
2740,1.1094,1.111994,43.0,3000,0.045592,1.1094,1.111994,43.0,-0.002593999999999985,0.045592,1.1132555555555557,1.112259111111111,43.0,0.6803989863622705,0.6815834767641995,0.6692942881805893,0.11996596185507842,0.6767492400790679,0.6246518065120336
2760,1.1299,1.12341,43.1,3000,0.04606,1.1299,1.12341,43.1,0.006489999999999885,0.04606,1.1228222222222222,1.1236771111111112,43.06666666666666,0.6869668828503908,0.6873207114170965,0.6769165621589928,0.30014614203525425,0.6835200363217426,0.6483732659105536
2780,1.1251,1.134906,43.1,3000,0.046531,1.1251,1.134906,43.1,-0.009805999999999981,0.046531,1.1353,1.1351753333333334,43.166666666666664,0.695533372694943,0.6959265633964425,0.6845876968680272,0.45350278409826655,0.6917810242958223,0.6714286115106503
2800,1.1483,1.146483,43.3,3000,0.047006,1.1483,1.146483,43.3,0.0018170000000001796,0.047006,1.1457333333333333,1.1467544444444444,43.25555555555556,0.7026962702586425,0.7035762096003062,0.6923239792179026,0.08403167027397852,0.6992419562627162,0.641049795095592
2820,1.1686,1.158142,43.4,3000,0.047484,1.1686,1.158142,43.4,0.010458000000000078,0.047484,1.1587888888888889,1.158414888888889,43.36666666666667,0.7116594274869138,0.7131382673551347,0.7001091222984087,0.4836561407403341,0.7079125886445812,0.689228808779311
2840,1.157,1.169882,43.3,3000,0.047965,1.157,1.169882,43.3,-0.01288200000000006,0.047965,1.169722222222222,1.170157111111111,43.455555555555556,0.7191655949019087,0.7207879135589977,0.7079431261095458,0.59576003107831,0.7155621945559995,0.707230618183821
2860,1.1832,1.181705,43.6,3000,0.04845,1.1832,1.181705,43.6,0.001495000000000024,0.04845,1.1796555555555557,1.1819818888888889,43.53333333333333,0.7259852226143129,0.7274813539873778,0.7158422775615239,0.06913998187098927,0.7227344181204497,0.6606747313832467
2880,1.1957,1.193611,43.7,3000,0.048938,1.1957,1.193611,43.7,0.0020890000000000075,0.048938,1.1931222222222222,1.1938897777777777,43.64444444444444,0.7352306239425382,0.7370434117422063,0.7237902897441327,0.0966109847013343,0.7315890645330299,0.6718218569683349
2900,1.2119,1.205601,43.8,3000,0.04943,1.2119,1.205601,43.8,0.0062990000000000546,0.04943,1.205177777777778,1.2058813333333334,43.733333333333334,0.7435072414682187,0.7446930579460699,0.7318034495675826,0.29131287344840007,0.7396480775985663,0.6985842587856996
2920,1.2078,1.217674,43.8,3000,0.049925,1.2078,1.217674,43.8,-0.009873999999999938,0.049925,1.2163111111111113,1.2179571111111112,43.82222222222222,0.7511507168237319,0.752342704149933,0.7398654701216631,0.4566476127051055,0.747439277943248,0.7219984032434196
2940,1.2193,1.229833,43.8,3000,0.050423,1.2193,1.229833,43.8,-0.010532999999999904,0.050423,1.2302111111111111,1.2301176666666667,43.93333333333334,0.7606936186897467,0.7619047619047621,0.7479763514063748,0.4871247017037535,0.7564848037835696,0.7336395127949014
2960,1.2463,1.242077,44.1,3000,0.050925,1.2463,1.242077,44.1,0.004222999999999866,0.050925,1.2416888888888888,1.2423636666666669,44.02222222222222,0.7685735688317078,0.7695544081086245,0.7561523803319272,0.19530310598071818,0.7644223207121679,0.7114917323658381
2980,1.2568,1.254407,44.1,3000,0.051431,1.2568,1.254407,44.1,0.0023929999999998675,0.051431,1.254,1.2546956666666667,44.111111111111114,0.7770256353924948,0.7772040543124882,0.7643935568983208,0.11067021847308728,0.7726400917035325,0.7104346984305523
3000,1.2688,1.266824,44.2,3000,0.05194,1.2688,1.266824,44.2,0.0019759999999999778,0.05194,1.2659777777777776,1.2671142222222223,44.2,0.7852488553857514,0.7848537005163512,0.7726835941953453,0.09138501951643549,0.7807719829952291,0.7157636830814698
3020,1.2821,1.279327,44.3,3000,0.052452,1.2821,1.279327,44.3,0.0027729999999999144,0.052452,1.2789444444444444,1.2796201111111112,44.3,0.7941509868626815,0.7934595524956967,0.7810224922230004,0.12824426068778877,0.7894177268653961,0.727387455653446
3040,1.2865,1.291919,44.4,3000,0.052969,1.2865,1.291919,44.4,-0.005419000000000063,0.052969,1.2943666666666667,1.2922137777777778,44.43333333333333,0.8047389547204182,0.8049340218014912,0.7894428248017069,0.2506150914775178,0.7994243226650839,0.7493753351663964
3060,1.3065,1.304599,44.5,3000,0.053489,1.3065,1.304599,44.5,0.0019009999999999305,0.053489,1.307,1.304896,44.53333333333333,0.8134122396298178,0.8135398737808373,0.7979120181110442,0.0879164585530058,0.8080126889284509,0.7408945700598915
3080,1.3197,1.317368,44.6,3000,0.054012,1.3197,1.317368,44.6,0.0023320000000000007,0.054012,1.3184444444444443,1.317667222222222,44.63333333333333,0.8212693051150259,0.8221457257601834,0.8064300721510123,0.10784912222283907,0.8162508577066527,0.7501463919870967
3100,1.3245,1.330227,44.7,3000,0.054539,1.3245,1.330227,44.7,-0.005727000000000038,0.054539,1.3316666666666666,1.3305281111111111,44.74444444444444,0.8303468856270625,0.8317077835150118,0.8150132738318213,0.2648593151673256,0.825252301076318,0.7741383530530761
3120,1.3581,1.343176,45.0,3000,0.05507,1.3581,1.343176,45.0,0.01492400000000016,0.05507,1.3434444444444444,1.3434794444444444,44.84444444444445,0.8384327976798011,0.8403136354943586,0.8236616231534716,0.6901973842425674,0.8336390541584973,0.824079465789717
3140,1.36,1.356217,45.0,3000,0.055605,1.36,1.356217,45.0,0.003783000000000092,0.055605,1.3577888888888887,1.3565217777777778,44.955555555555556,0.8482808283025229,0.8498756932491871,0.8323751201159628,0.1749542149952873,0.8430328034265597,0.7813468832084655
3160,1.3598,1.369348,45.0,3000,0.056143,1.3598,1.369348,45.0,-0.009548000000000112,0.056143,1.3717444444444444,1.3696557777777778,45.06666666666667,0.8578618712631263,0.8594377510040162,0.8411374778090849,0.441570934384082,0.8523235095023898,0.8166267475104444
3180,1.3878,1.382572,45.2,3000,0.056685,1.3878,1.382572,45.2,0.00522800000000001,0.056685,1.3839777777777778,1.382882,45.166666666666664,0.8662605402914896,0.8680436029833616,0.8499649831430479,0.24178182289065336,0.8609137078279094,0.8042584342243739
3200,1.3881,1.395889,45.2,3000,0.057231,1.3881,1.395889,45.2,-0.007789000000000046,0.057231,1.3987888888888889,1.396201111111111,45.28888888888889,0.876428956108754,0.8785618665136737,0.858857636117852,0.360221617921826,0.8707055761929223,0.8253414498912912
3220,1.4156,1.4093,45.4,3000,0.057781,1.4156,1.4093,45.4,0.006299999999999972,0.057781,1.410911111111111,1.4096137777777775,45.37777777777777,0.8847513429479404,0.8862115127175362,0.8678154367334973,0.29135912092790867,0.8791158097268046,0.8257771631883363
3240,1.4321,1.422805,45.5,3000,0.058335,1.4321,1.422805,45.5,0.009294999999999831,0.058335,1.4247333333333332,1.4231205555555555,45.48888888888889,0.8942408472815316,0.8957735704723653,0.8768383849899836,0.42987032206744025,0.8884565301176566,0.8481869755578308
3260,1.4298,1.436404,45.5,3000,0.058893,1.4298,1.436404,45.5,-0.006604000000000054,0.058893,1.4410777777777777,1.4367223333333332,45.611111111111114,0.9054619573094357,0.9062918340026774,0.885926480887311,0.3054183546996719,0.8987905159003404,0.8456650662217697
3280,1.4578,1.450099,45.8,3000,0.059454,1.4578,1.450099,45.8,0.007700999999999958,0.059454,1.4539777777777776,1.4504196666666667,45.711111111111116,0.9143183194728596,0.9148976859820235,0.8950634375152691,0.3561518397247337,0.9076949840895356,0.8586465131253379
3300,1.4672,1.46389,45.8,3000,0.06002,1.4672,1.46389,45.8,0.003310000000000146,0.06002,1.4679666666666666,1.4642132222222222,45.82222222222222,0.923922247090216,0.924459743736852,0.9042818286942784,0.1530791571859404,0.9171555999809651,0.8469723122614474
3320,1.4844,1.477778,46.0,3000,0.060589,1.4844,1.477778,46.0,0.006621999999999906,0.060589,1.4803666666666666,1.4781036666666667,45.922222222222224,0.9324353394023444,0.9330655957161981,0.9135490806039186,0.3062508093308876,0.925951200085666,0.8699744504736622
3340,1.5069,1.491764,46.1,3000,0.061162,1.5069,1.491764,46.1,0.015135999999999816,0.061162,1.4926000000000001,1.4920915555555554,46.02222222222222,0.9408340084307077,0.9416714476955436,0.9228814801544,0.7000018498991732,0.9347181113869671,0.9169601523937633
3360,1.5039,1.505848,46.1,3000,0.06174,1.5039,1.505848,46.1,-0.0019480000000000608,0.06174,1.5073555555555556,1.5061777777777778,46.144444444444446,0.9509642831533838,0.9521897112258557,0.9322953142559326,0.09009009009009306,0.9446752296537703,0.8651832208651726
3380,1.514,1.520031,46.2,3000,0.062321,1.514,1.520031,46.2,-0.0060309999999998976,0.062321,1.520988888888889,1.5203630000000001,46.24444444444444,0.9603241077653745,0.9607955632052011,0.9417580090880959,0.2789185489390786,0.9539202643162923,0.8923014157427016
3400,1.5272,1.534314,46.3,3000,0.062907,1.5272,1.534314,46.3,-0.007114000000000065,0.062907,1.5351555555555556,1.534647888888889,46.35555555555556,0.9700500868854136,0.9703576209600309,0.9513021384713107,0.3290045692509794,0.9635498117554011,0.9060224186406245
3420,1.5422,1.548696,46.4,3000,0.063497,1.5422,1.548696,46.4,-0.006496000000000057,0.063497,1.5495444444444444,1.549033111111111,46.46666666666667,0.9799286303838063,0.9799196787148594,0.9609114154953664,0.30042362691233643,0.973270814839063,0.9119758921194225
3440,1.5626,1.56318,46.6,3000,0.06409,1.5626,1.56318,46.6,-0.0005800000000000249,0.06409,1.554875,1.55619175,46.5125,0.9835882684095623,0.9838640275387264,0.9705695532500529,0.026823538117173813,0.9790868699295667,0.8879807351626144
3460,1.5805,1.577766,46.7,3000,0.064688,1.5805,1.577766,46.7,0.002734000000000014,0.064688,1.5621571428571428,1.5633837142857143,46.57142857142857,0.9885877486009302,0.988935333169412,0.9803091255557908,0.1264406089868111,0.9857597474488278,0.9024599307816388
3480,1.5947,1.592454,46.8,3000,0.065291,1.5947,1.592454,46.8,0.0022459999999999702,0.065291,1.5701833333333333,1.5706091666666666,46.63333333333333,0.9940980470233928,0.9942627653471025,0.9901301324125801,0.10387183898477413,0.9927422205743501,0.9051166058004584
3500,1.6139,1.607245,47.0,3000,0.065897,1.6139,1.607245,47.0,0.0066549999999998555,0.065897,1.5787799999999999,1.5778682,46.7,1.0,1.0,1.0,0.3077769761547934,1.0,0.9307776976154793
